"season","batting_team","striker","runs","balls_faced","dot_percent","boundary_percent"
"2022/23","Delhi Capitals","MM Lanning",345,248,42.741935483871,22.5806451612903
"2022/23","Mumbai Indians","NR Sciver-Brunt",332,237,37.5527426160338,22.3628691983122
"2022/23","UP Warriorz","TM McGrath",302,191,38.7434554973822,27.7486910994764
"2022/23","Mumbai Indians","H Kaur",281,208,41.3461538461538,22.5961538461538
"2022/23","Mumbai Indians","HK Matthews",271,215,49.3023255813954,20
"2022/23","Royal Challengers Bangalore","SFM Devine",266,154,36.3636363636364,29.2207792207792
"2022/23","Royal Challengers Bangalore","EA Perry",253,205,38.5365853658537,17.0731707317073
"2022/23","UP Warriorz","AJ Healy",253,179,41.340782122905,24.5810055865922
"2022/23","Delhi Capitals","Shafali Verma",252,136,42.6470588235294,33.0882352941176
"2022/23","UP Warriorz","GM Harris",230,139,37.410071942446,27.3381294964029
"2022/23","Mumbai Indians","YH Bhatia",214,191,54.4502617801047,19.8952879581152
"2022/23","Gujarat Giants","A Gardner",204,144,34.0277777777778,21.5277777777778
"2022/23","Gujarat Giants","H Deol",202,161,41.6149068322981,19.2546583850932
"2022/23","Delhi Capitals","M Kapp",177,146,41.7808219178082,16.4383561643836
"2022/23","Delhi Capitals","A Capsey",159,102,47.0588235294118,26.4705882352941
"2022/23","UP Warriorz","KP Navgire",155,135,54.8148148148148,17.037037037037
"2022/23","Gujarat Giants","D Hemalatha",151,96,37.5,23.9583333333333
"2022/23","Mumbai Indians","AC Kerr",149,112,34.8214285714286,18.75
"2022/23","Royal Challengers Bangalore","S Mandhana",149,134,55.2238805970149,18.6567164179104
"2022/23","Gujarat Giants","L Wolvaardt",143,102,36.2745098039216,20.5882352941176
"2023/24","Royal Challengers Bangalore","EA Perry",347,276,39.1304347826087,17.3913043478261
"2023/24","Delhi Capitals","MM Lanning",331,269,45.3531598513011,18.9591078066914
"2023/24","Delhi Capitals","Shafali Verma",309,197,46.7005076142132,23.8578680203046
"2023/24","Royal Challengers Bangalore","S Mandhana",300,224,46.875,22.3214285714286
"2023/24","UP Warriorz","DB Sharma",295,216,34.7222222222222,19.4444444444444
"2023/24","Gujarat Giants","BL Mooney",285,202,36.6336633663366,21.2871287128713
"2023/24","Mumbai Indians","H Kaur",268,190,33.6842105263158,20
"2023/24","Royal Challengers Bangalore","RM Ghosh",257,181,43.0939226519337,22.6519337016575
"2023/24","Delhi Capitals","JI Rodrigues",235,153,30.718954248366,22.2222222222222
"2023/24","Delhi Capitals","A Capsey",230,183,42.6229508196721,19.672131147541
"2023/24","Mumbai Indians","AC Kerr",215,166,28.9156626506024,15.6626506024096
"2023/24","Mumbai Indians","YH Bhatia",204,168,54.1666666666667,21.4285714285714
"2023/24","UP Warriorz","GM Harris",188,138,42.7536231884058,21.7391304347826
"2023/24","Mumbai Indians","HK Matthews",180,159,61.0062893081761,20.7547169811321
"2023/24","UP Warriorz","AJ Healy",175,149,53.6912751677852,20.8053691275168
"2023/24","Mumbai Indians","NR Sciver-Brunt",172,144,42.3611111111111,18.75
"2023/24","Royal Challengers Bangalore","S Meghana",168,149,43.6241610738255,15.4362416107383
"2023/24","Gujarat Giants","L Wolvaardt",167,129,51.1627906976744,23.2558139534884
"2023/24","Royal Challengers Bangalore","SFM Devine",136,108,45.3703703703704,18.5185185185185
"2023/24","Gujarat Giants","A Gardner",120,108,47.2222222222222,15.7407407407407
"2024/25","Mumbai Indians","NR Sciver-Brunt",523,343,31.4868804664723,25.6559766763848
"2024/25","Royal Challengers Bengaluru","EA Perry",372,250,32.4,20.4
"2024/25","Mumbai Indians","HK Matthews",307,250,52.4,20.4
"2024/25","Delhi Capitals","Shafali Verma",304,199,45.7286432160804,25.1256281407035
"2024/25","Mumbai Indians","H Kaur",302,195,41.5384615384615,25.1282051282051
"2024/25","Delhi Capitals","MM Lanning",276,232,49.1379310344828,19.8275862068966
"2024/25","Gujarat Giants","A Gardner",243,148,36.4864864864865,23.6486486486486
"2024/25","Gujarat Giants","BL Mooney",237,185,39.4594594594595,20
"2024/25","Gujarat Giants","H Deol",232,192,39.5833333333333,17.1875
"2024/25","Royal Challengers Bengaluru","RM Ghosh",232,134,34.3283582089552,28.3582089552239
"2024/25","Royal Challengers Bengaluru","S Mandhana",199,147,45.578231292517,22.4489795918367
"2024/25","UP Warriorz","CA Henry",167,86,47.6744186046512,31.3953488372093
"2024/25","UP Warriorz","GM Harris",164,138,51.4492753623188,18.8405797101449
"2024/25","UP Warriorz","G Voll",154,92,40.2173913043478,32.6086956521739
"2024/25","UP Warriorz","KP Navgire",154,89,50.561797752809,30.3370786516854
"2024/25","Delhi Capitals","JL Jonassen",150,103,39.8058252427184,24.2718446601942
"2024/25","Delhi Capitals","JI Rodrigues",146,112,41.0714285714286,18.75
"2024/25","Gujarat Giants","DJS Dottin",142,92,46.7391304347826,25
"2024/25","Royal Challengers Bengaluru","DN Wyatt",137,109,44.0366972477064,18.348623853211
"2024/25","Gujarat Giants","BS Fulmali",133,77,41.5584415584416,28.5714285714286
"2025/26","Royal Challengers Bengaluru","S Mandhana",377,246,39.0243902439024,26.8292682926829
"2025/26","Mumbai Indians","H Kaur",342,227,34.3612334801762,21.5859030837004
"2025/26","Mumbai Indians","NR Sciver-Brunt",321,212,33.4905660377358,24.5283018867925
"2025/26","Delhi Capitals","L Lee",320,230,50.8695652173913,24.7826086956522
"2025/26","Delhi Capitals","L Wolvaardt",317,234,24.7863247863248,16.6666666666667
"2025/26","Delhi Capitals","JI Rodrigues",264,186,29.0322580645161,18.8172043010753
"2025/26","Delhi Capitals","Shafali Verma",259,207,49.2753623188406,20.7729468599034
"2025/26","Gujarat Giants","BL Mooney",258,211,33.6492890995261,14.218009478673
"2025/26","UP Warriorz","MM Lanning",248,198,51.010101010101,21.2121212121212
"2025/26","Gujarat Giants","A Gardner",244,172,36.6279069767442,19.7674418604651
"2025/26","Gujarat Giants","SFM Devine",243,164,46.3414634146341,22.5609756097561
"2025/26","UP Warriorz","P Litchfield",243,157,41.4012738853503,25.4777070063694
"2025/26","Royal Challengers Bengaluru","GM Harris",237,133,45.1127819548872,34.5864661654135
"2025/26","Royal Challengers Bengaluru","RM Ghosh",189,125,40,23.2
"2025/26","Gujarat Giants","G Wareham",178,123,26.8292682926829,17.0731707317073
"2025/26","Gujarat Giants","AB Sharma",177,137,45.2554744525547,21.8978102189781
"2025/26","Royal Challengers Bengaluru","G Voll",170,134,36.5671641791045,18.6567164179104
"2025/26","UP Warriorz","H Deol",167,144,46.5277777777778,18.0555555555556
"2025/26","Mumbai Indians","NJ Carey",149,105,24.7619047619048,19.047619047619
"2025/26","Mumbai Indians","AB Kaur",139,104,43.2692307692308,22.1153846153846
