player_id,player_name,date,rating
aditya-subramanian,Aditya Subramanian,2018-01-28,1484
alberto-lara,Alberto Lara,2018-01-28,1580
alex-underhill,ALEX UNDERHILL,2018-01-28,1484
ashton-cox,Ashton Cox,2018-01-28,1516
carson-confer,Carson Confer,2018-01-28,1625.6
collin-heier,Collin Heier,2018-01-28,1580
dylan-salvanera,Dylan Salvanera,2018-01-28,1516.7
ellie-homen,Ellie Homen,2018-01-28,1516.1
enrique-grimaldo,Enrique Grimaldo,2018-01-28,1549.2
justin-burns,Justin Burns,2018-01-28,1515.9
kyle-livinghouse,Kyle Livinghouse,2018-01-28,1516.6
nick-navarre,Nick Navarre,2018-01-28,1516
patrick-donegan,Patrick Donegan,2018-01-28,1549.2
rajan-bal,Rajan Bal,2018-01-28,1548
trista-medine,Trista Medine,2018-01-28,1548
wolfe-glick,Wolfe Glick,2018-01-28,1580
alex-underhill,ALEX UNDERHILL,2018-02-17,1555.2
ashton-cox,Ashton Cox,2018-02-17,1620.9
carson-confer,Carson Confer,2018-02-17,1650.2
dylan-salvanera,Dylan Salvanera,2018-02-17,1614.8
john-mills,John Mills,2018-02-17,1471.9
joseph-ugarte,Joseph Ugarte,2018-02-17,1528.8
justin-burns,Justin Burns,2018-02-17,1543
logan-mazur,Logan Mazur,2018-02-17,1537.2
nick-navarre,Nick Navarre,2018-02-17,1591.8
alberto-lara,Alberto Lara,2018-03-04,1586.5
ellie-homen,Ellie Homen,2018-03-04,1515
enrique-grimaldo,Enrique Grimaldo,2018-03-04,1539.7
raghav-malaviya,Raghav Malaviya,2018-03-04,1570.4
riley-factura,Riley Factura,2018-03-04,1533.6
aaron-traylor,Aaron Traylor,2018-03-18,1517.2
aditya-subramanian,Aditya Subramanian,2018-03-18,1542
ashton-cox,Ashton Cox,2018-03-18,1678.5
ben-grissmer,Ben Grissmer,2018-03-18,1550.3
chuppa-cross-iv,Chuppa Cross IV,2018-03-18,1552.8
collin-heier,Collin Heier,2018-03-18,1625.1
nick-navarre,Nick Navarre,2018-03-18,1555.2
paul-chua,Paul Chua,2018-03-18,1470
rajan-bal,Rajan Bal,2018-03-18,1587.7
wolfe-glick,Wolfe Glick,2018-03-18,1643.2
alex-underhill,ALEX UNDERHILL,2018-10-06,1594.1
ashton-cox,Ashton Cox,2018-10-06,1756.2
carson-confer,Carson Confer,2018-10-06,1653.3
collin-heier,Collin Heier,2018-10-06,1648
dylan-salvanera,Dylan Salvanera,2018-10-06,1577
john-mills,John Mills,2018-10-06,1468.2
justin-burns,Justin Burns,2018-10-06,1565.6
nick-navarre,Nick Navarre,2018-10-06,1612.4
patrick-donegan,Patrick Donegan,2018-10-06,1544.5
wolfe-glick,Wolfe Glick,2018-10-06,1625.2
ashton-cox,Ashton Cox,2018-11-16,1805.9
eduardo-cunha,Eduardo Cunha,2018-11-16,1525.7
james-baek,James Baek,2018-11-16,1548.7
justin-burns,Justin Burns,2018-11-16,1562.2
nick-navarre,Nick Navarre,2018-11-16,1649.4
paul-chua,Paul Chua,2018-11-16,1529.3
trista-medine,Trista Medine,2018-11-16,1527.9
aaron-traylor,Aaron Traylor,2018-11-24,1563.1
ashton-cox,Ashton Cox,2018-11-24,1785.7
calvin-nisson,Calvin Nisson,2018-11-24,1493.4
carson-confer,Carson Confer,2018-11-24,1635
chuppa-cross-iv,Chuppa Cross IV,2018-11-24,1587
james-baek,James Baek,2018-11-24,1676.6
justin-burns,Justin Burns,2018-11-24,1679.8
kyle-livinghouse,Kyle Livinghouse,2018-11-24,1585.7
logan-mazur,Logan Mazur,2018-11-24,1593.2
nick-navarre,Nick Navarre,2018-11-24,1631
patrick-donegan,Patrick Donegan,2018-11-24,1491
paul-chua,Paul Chua,2018-11-24,1580.4
rajan-bal,Rajan Bal,2018-11-24,1621.1
wolfe-glick,Wolfe Glick,2018-11-24,1617.2
aaron-traylor,Aaron Traylor,2019-01-19,1661.3
aditya-subramanian,Aditya Subramanian,2019-01-19,1542
alberto-lara,Alberto Lara,2019-01-19,1569.5
ashton-cox,Ashton Cox,2019-01-19,1789.8
chuppa-cross-iv,Chuppa Cross IV,2019-01-19,1627.9
collin-heier,Collin Heier,2019-01-19,1672.6
ellie-homen,Ellie Homen,2019-01-19,1558.3
enrique-grimaldo,Enrique Grimaldo,2019-01-19,1567.3
james-baek,James Baek,2019-01-19,1687
john-mills,John Mills,2019-01-19,1477.1
justin-burns,Justin Burns,2019-01-19,1704.7
kyle-livinghouse,Kyle Livinghouse,2019-01-19,1605.5
logan-mazur,Logan Mazur,2019-01-19,1575.7
nick-navarre,Nick Navarre,2019-01-19,1710.7
patrick-donegan,Patrick Donegan,2019-01-19,1538.9
paul-chua,Paul Chua,2019-01-19,1624.6
rajan-bal,Rajan Bal,2019-01-19,1630
trista-medine,Trista Medine,2019-01-19,1526.4
wolfe-glick,Wolfe Glick,2019-01-19,1655.1
aditya-subramanian,Aditya Subramanian,2019-02-23,1522.7
alex-underhill,ALEX UNDERHILL,2019-02-23,1670.7
ashton-cox,Ashton Cox,2019-02-23,1770.7
dylan-salvanera,Dylan Salvanera,2019-02-23,1582.3
enrique-grimaldo,Enrique Grimaldo,2019-02-23,1585.3
john-mills,John Mills,2019-02-23,1505.6
logan-mazur,Logan Mazur,2019-02-23,1572.1
nick-navarre,Nick Navarre,2019-02-23,1726.9
wolfe-glick,Wolfe Glick,2019-02-23,1660.8
aditya-subramanian,Aditya Subramanian,2019-03-08,1544.3
alex-underhill,ALEX UNDERHILL,2019-03-08,1709.8
ashton-cox,Ashton Cox,2019-03-08,1740.7
james-baek,James Baek,2019-03-08,1693.7
justin-burns,Justin Burns,2019-03-08,1634.2
logan-mazur,Logan Mazur,2019-03-08,1574.4
patrick-donegan,Patrick Donegan,2019-03-08,1524.1
paul-chua,Paul Chua,2019-03-08,1627.2
raghav-malaviya,Raghav Malaviya,2019-03-08,1528.7
trista-medine,Trista Medine,2019-03-08,1553
ashton-cox,Ashton Cox,2019-04-20,1765.7
dylan-salvanera,Dylan Salvanera,2019-04-20,1580.2
james-baek,James Baek,2019-04-20,1746.7
james-evans,James Evans,2019-04-20,1569.8
john-mills,John Mills,2019-04-20,1491.5
kyle-livinghouse,Kyle Livinghouse,2019-04-20,1627.4
patrick-donegan,Patrick Donegan,2019-04-20,1512.1
aaron-traylor,Aaron Traylor,2019-05-04,1672.6
ashton-cox,Ashton Cox,2019-05-04,1763.4
chuppa-cross-iv,Chuppa Cross IV,2019-05-04,1619.8
james-baek,James Baek,2019-05-04,1768.9
james-evans,James Evans,2019-05-04,1614.8
joseph-ugarte,Joseph Ugarte,2019-05-04,1549.6
kyle-livinghouse,Kyle Livinghouse,2019-05-04,1690
patrick-donegan,Patrick Donegan,2019-05-04,1481.8
paul-chua,Paul Chua,2019-05-04,1651.2
aaron-traylor,Aaron Traylor,2019-06-01,1663.4
aditya-subramanian,Aditya Subramanian,2019-06-01,1563.1
alex-underhill,ALEX UNDERHILL,2019-06-01,1688.3
ashton-cox,Ashton Cox,2019-06-01,1724.9
calvin-nisson,Calvin Nisson,2019-06-01,1557.5
collin-heier,Collin Heier,2019-06-01,1718.3
dylan-salvanera,Dylan Salvanera,2019-06-01,1623.4
james-baek,James Baek,2019-06-01,1779.3
james-evans,James Evans,2019-06-01,1643.4
john-mills,John Mills,2019-06-01,1493.1
justin-burns,Justin Burns,2019-06-01,1628
kyle-livinghouse,Kyle Livinghouse,2019-06-01,1717.2
logan-mazur,Logan Mazur,2019-06-01,1587
nick-navarre,Nick Navarre,2019-06-01,1674.2
paul-chua,Paul Chua,2019-06-01,1776.9
rajan-bal,Rajan Bal,2019-06-01,1658.8
wolfe-glick,Wolfe Glick,2019-06-01,1715
alex-underhill,ALEX UNDERHILL,2019-10-12,1682.8
ashton-cox,Ashton Cox,2019-10-12,1733.4
dylan-salvanera,Dylan Salvanera,2019-10-12,1620.5
giovanni-cischke,Giovanni Cischke,2019-10-12,1498.7
james-evans,James Evans,2019-10-12,1646.8
john-mills,John Mills,2019-10-12,1476.9
joseph-ugarte,Joseph Ugarte,2019-10-12,1650
justin-burns,Justin Burns,2019-10-12,1644.3
kyle-livinghouse,Kyle Livinghouse,2019-10-12,1778.8
joseph-ugarte,Joseph Ugarte,2019-11-09,1704.6
kyle-livinghouse,Kyle Livinghouse,2019-11-09,1695.7
raghav-malaviya,Raghav Malaviya,2019-11-09,1597.4
rajan-bal,Rajan Bal,2019-11-09,1618.4
eduardo-cunha,Eduardo Cunha,2020-01-11,1595.4
eric-rios,Eric Rios,2020-01-11,1548.6
oliver-eskolin,Oliver Eskolin,2020-01-11,1580.4
patrick-donegan,Patrick Donegan,2020-01-11,1536.1
selahattin-sturm,Selahattin Sturm,2020-01-11,1489.1
taran-birdee,Taran Birdee,2020-01-11,1564.7
aaron-traylor,Aaron Traylor,2020-01-18,1763.7
alberto-lara,Alberto Lara,2020-01-18,1639.6
alex-underhill,ALEX UNDERHILL,2020-01-18,1694
ashton-cox,Ashton Cox,2020-01-18,1730.8
ben-grissmer,Ben Grissmer,2020-01-18,1605.1
calvin-nisson,Calvin Nisson,2020-01-18,1571.7
carson-confer,Carson Confer,2020-01-18,1624.1
chuppa-cross-iv,Chuppa Cross IV,2020-01-18,1615.2
collin-heier,Collin Heier,2020-01-18,1685.2
dylan-salvanera,Dylan Salvanera,2020-01-18,1565.6
ellie-homen,Ellie Homen,2020-01-18,1511.1
enrique-grimaldo,Enrique Grimaldo,2020-01-18,1558.8
giovanni-cischke,Giovanni Cischke,2020-01-18,1541.4
james-baek,James Baek,2020-01-18,1762.9
james-evans,James Evans,2020-01-18,1677
john-mills,John Mills,2020-01-18,1555.5
justin-burns,Justin Burns,2020-01-18,1744
nick-navarre,Nick Navarre,2020-01-18,1692.2
patrick-donegan,Patrick Donegan,2020-01-18,1563.6
paul-chua,Paul Chua,2020-01-18,1709
raghav-malaviya,Raghav Malaviya,2020-01-18,1675.9
rajan-bal,Rajan Bal,2020-01-18,1642.7
stefan-mott,Stefan Mott,2020-01-18,1508.9
trista-medine,Trista Medine,2020-01-18,1601.2
wolfe-glick,Wolfe Glick,2020-01-18,1711.6
alberto-lara,Alberto Lara,2020-02-21,1618.1
ashton-cox,Ashton Cox,2020-02-21,1676.4
eduardo-cunha,Eduardo Cunha,2020-02-21,1688.6
eric-rios,Eric Rios,2020-02-21,1637.4
james-baek,James Baek,2020-02-21,1733.3
joseph-ugarte,Joseph Ugarte,2020-02-21,1690.7
marco-silva,Marco Silva,2020-02-21,1671.5
oliver-eskolin,Oliver Eskolin,2020-02-21,1586.5
patrick-donegan,Patrick Donegan,2020-02-21,1529.7
raghav-malaviya,Raghav Malaviya,2020-02-21,1723.2
eric-rios,Eric Rios,2020-03-07,1677.3
marco-silva,Marco Silva,2020-03-07,1693.4
oliver-eskolin,Oliver Eskolin,2020-03-07,1598.8
patrick-donegan,Patrick Donegan,2020-03-07,1522.9
selahattin-sturm,Selahattin Sturm,2020-03-07,1527.1
wolfe-glick,Wolfe Glick,2022-03-18,1680.4
ben-grissmer,Ben Grissmer,2022-03-26,1666.9
eric-rios,Eric Rios,2022-03-26,1753.8
stefan-mott,Stefan Mott,2022-03-26,1589.4
taran-birdee,Taran Birdee,2022-03-26,1655.4
wolfe-glick,Wolfe Glick,2022-04-22,1692.3
aditya-subramanian,Aditya Subramanian,2022-05-20,1587.9
alex-underhill,ALEX UNDERHILL,2022-05-20,1753.3
calvin-nisson,Calvin Nisson,2022-05-20,1562.3
chuppa-cross-iv,Chuppa Cross IV,2022-05-20,1545.4
dylan-salvanera,Dylan Salvanera,2022-05-20,1564.6
giovanni-cischke,Giovanni Cischke,2022-05-20,1534.6
james-baek,James Baek,2022-05-20,1682.5
james-evans,James Evans,2022-05-20,1697.7
joseph-ugarte,Joseph Ugarte,2022-05-20,1686.9
justin-burns,Justin Burns,2022-05-20,1740.4
kyle-livinghouse,Kyle Livinghouse,2022-05-20,1740.7
luca-paz,Luca Paz,2022-05-20,1510.3
patrick-donegan,Patrick Donegan,2022-05-20,1540.7
paul-chua,Paul Chua,2022-05-20,1745.4
rajan-bal,Rajan Bal,2022-05-20,1652.7
stefan-mott,Stefan Mott,2022-05-20,1536.2
trista-medine,Trista Medine,2022-05-20,1626.4
wolfe-glick,Wolfe Glick,2022-05-20,1736.8
camilo-liberona,Camilo Liberona,2022-05-21,1482.4
giulio-tarlao,Giulio Tarlao,2022-05-21,1605.1
marco-silva,Marco Silva,2022-05-21,1689.6
oliver-eskolin,Oliver Eskolin,2022-05-21,1589.3
taran-birdee,Taran Birdee,2022-05-21,1659.1
aaron-traylor,Aaron Traylor,2022-05-27,1720.2
aditya-subramanian,Aditya Subramanian,2022-05-27,1629.9
chuppa-cross-iv,Chuppa Cross IV,2022-05-27,1563.5
joseph-ugarte,Joseph Ugarte,2022-05-27,1689.6
justin-burns,Justin Burns,2022-05-27,1745.4
marcus-dion,Marcus Dion,2022-05-27,1560.6
trista-medine,Trista Medine,2022-05-27,1606.9
camilo-liberona,Camilo Liberona,2022-05-28,1467.5
eric-rios,Eric Rios,2022-05-28,1800.2
giulio-tarlao,Giulio Tarlao,2022-05-28,1665.9
selahattin-sturm,Selahattin Sturm,2022-05-28,1555
camilo-liberona,Camilo Liberona,2022-06-04,1507.6
galo-orbea,Galo Orbea,2022-06-04,1535.2
giulio-tarlao,Giulio Tarlao,2022-06-04,1691.9
luca-ceribelli,Luca Ceribelli,2022-06-04,1551.6
marco-silva,Marco Silva,2022-06-04,1694.1
selahattin-sturm,Selahattin Sturm,2022-06-04,1595.2
taran-birdee,Taran Birdee,2022-06-04,1661.8
alex-underhill,ALEX UNDERHILL,2022-06-17,1717.3
ashton-cox,Ashton Cox,2022-06-17,1627.7
calvin-nisson,Calvin Nisson,2022-06-17,1657.3
camilo-liberona,Camilo Liberona,2022-06-17,1463.5
carson-confer,Carson Confer,2022-06-17,1561.4
dylan-salvanera,Dylan Salvanera,2022-06-17,1627.2
galo-orbea,Galo Orbea,2022-06-17,1572.5
giovanni-cischke,Giovanni Cischke,2022-06-17,1581.7
james-evans,James Evans,2022-06-17,1741.4
john-mills,John Mills,2022-06-17,1499
joseph-ugarte,Joseph Ugarte,2022-06-17,1678.6
justin-burns,Justin Burns,2022-06-17,1681.7
kyle-livinghouse,Kyle Livinghouse,2022-06-17,1723.6
logan-mazur,Logan Mazur,2022-06-17,1569.7
luca-paz,Luca Paz,2022-06-17,1583.6
oliver-eskolin,Oliver Eskolin,2022-06-17,1663
paul-chua,Paul Chua,2022-06-17,1749.4
raghav-malaviya,Raghav Malaviya,2022-06-17,1744.9
rajan-bal,Rajan Bal,2022-06-17,1621.4
stefan-mott,Stefan Mott,2022-06-17,1560.4
taran-birdee,Taran Birdee,2022-06-17,1653.5
trista-medine,Trista Medine,2022-06-17,1543.6
aditya-subramanian,Aditya Subramanian,2022-06-24,1572.3
alberto-lara,Alberto Lara,2022-06-24,1608.3
alex-underhill,ALEX UNDERHILL,2022-06-24,1712.8
ashton-cox,Ashton Cox,2022-06-24,1611.2
ben-grissmer,Ben Grissmer,2022-06-24,1609.1
calvin-nisson,Calvin Nisson,2022-06-24,1608.7
camilo-liberona,Camilo Liberona,2022-06-24,1474.6
carson-confer,Carson Confer,2022-06-24,1593.5
chuppa-cross-iv,Chuppa Cross IV,2022-06-24,1603.4
dylan-salvanera,Dylan Salvanera,2022-06-24,1568.2
ellie-homen,Ellie Homen,2022-06-24,1499.4
enrique-grimaldo,Enrique Grimaldo,2022-06-24,1560.1
eric-rios,Eric Rios,2022-06-24,1805.8
galo-orbea,Galo Orbea,2022-06-24,1548.6
giovanni-cischke,Giovanni Cischke,2022-06-24,1633.2
james-baek,James Baek,2022-06-24,1742.8
james-evans,James Evans,2022-06-24,1874.6
john-mills,John Mills,2022-06-24,1458.5
joseph-ugarte,Joseph Ugarte,2022-06-24,1772.6
justin-burns,Justin Burns,2022-06-24,1793.4
kyle-livinghouse,Kyle Livinghouse,2022-06-24,1745.4
logan-mazur,Logan Mazur,2022-06-24,1532.4
luca-paz,Luca Paz,2022-06-24,1614.1
marcus-dion,Marcus Dion,2022-06-24,1577.7
oliver-eskolin,Oliver Eskolin,2022-06-24,1700.5
patrick-donegan,Patrick Donegan,2022-06-24,1486.5
paul-chua,Paul Chua,2022-06-24,1739.2
raghav-malaviya,Raghav Malaviya,2022-06-24,1762.3
rajan-bal,Rajan Bal,2022-06-24,1608.7
stefan-mott,Stefan Mott,2022-06-24,1568.6
taran-birdee,Taran Birdee,2022-06-24,1728.8
trista-medine,Trista Medine,2022-06-24,1524
wolfe-glick,Wolfe Glick,2022-06-24,1760.2
aaron-traylor,Aaron Traylor,2022-08-18,1673
aditya-subramanian,Aditya Subramanian,2022-08-18,1617.5
ashton-cox,Ashton Cox,2022-08-18,1580.1
ben-grissmer,Ben Grissmer,2022-08-18,1605.4
calvin-nisson,Calvin Nisson,2022-08-18,1590
chuppa-cross-iv,Chuppa Cross IV,2022-08-18,1607.1
collin-heier,Collin Heier,2022-08-18,1716.4
dylan-salvanera,Dylan Salvanera,2022-08-18,1549.2
eduardo-cunha,Eduardo Cunha,2022-08-18,1817.6
ellie-homen,Ellie Homen,2022-08-18,1483.4
eric-rios,Eric Rios,2022-08-18,1783.3
federico-camporesi,Federico Camporesi,2022-08-18,1548.2
giulio-tarlao,Giulio Tarlao,2022-08-18,1617.7
james-baek,James Baek,2022-08-18,1789.3
james-evans,James Evans,2022-08-18,1827.2
joseph-ugarte,Joseph Ugarte,2022-08-18,1753
justin-burns,Justin Burns,2022-08-18,1793
kyle-livinghouse,Kyle Livinghouse,2022-08-18,1726.5
luca-ceribelli,Luca Ceribelli,2022-08-18,1578.8
luca-paz,Luca Paz,2022-08-18,1673.1
marco-silva,Marco Silva,2022-08-18,1660.3
oliver-eskolin,Oliver Eskolin,2022-08-18,1668.9
patrick-donegan,Patrick Donegan,2022-08-18,1456
paul-chua,Paul Chua,2022-08-18,1778
raghav-malaviya,Raghav Malaviya,2022-08-18,1724.5
selahattin-sturm,Selahattin Sturm,2022-08-18,1624.9
shohei-kimura,Shohei Kimura,2022-08-18,1537.5
stefan-mott,Stefan Mott,2022-08-18,1636.1
taran-birdee,Taran Birdee,2022-08-18,1674.9
trista-medine,Trista Medine,2022-08-18,1494.5
victor-medina,Víctor Medina,2022-08-18,1555.6
wolfe-glick,Wolfe Glick,2022-08-18,1781
aaron-traylor,Aaron Traylor,2023-01-06,1657.5
aditya-subramanian,Aditya Subramanian,2023-01-06,1656.4
alberto-lara,Alberto Lara,2023-01-06,1724.4
alex-underhill,ALEX UNDERHILL,2023-01-06,1724.2
ashton-cox,Ashton Cox,2023-01-06,1591.5
ben-grissmer,Ben Grissmer,2023-01-06,1549.8
calvin-nisson,Calvin Nisson,2023-01-06,1605.2
camilo-liberona,Camilo Liberona,2023-01-06,1527.7
chuppa-cross-iv,Chuppa Cross IV,2023-01-06,1735.8
collin-heier,Collin Heier,2023-01-06,1733
dylan-salvanera,Dylan Salvanera,2023-01-06,1598.4
ellie-homen,Ellie Homen,2023-01-06,1451.1
enrique-grimaldo,Enrique Grimaldo,2023-01-06,1515.6
galo-orbea,Galo Orbea,2023-01-06,1531.3
giovanni-cischke,Giovanni Cischke,2023-01-06,1708.2
james-baek,James Baek,2023-01-06,1796.4
james-evans,James Evans,2023-01-06,1833.6
john-mills,John Mills,2023-01-06,1528
joseph-ugarte,Joseph Ugarte,2023-01-06,1753.6
joshua-denk,Joshua Denk,2023-01-06,1485.2
justin-burns,Justin Burns,2023-01-06,1780.2
kyle-livinghouse,Kyle Livinghouse,2023-01-06,1661.5
logan-mazur,Logan Mazur,2023-01-06,1523.6
luca-paz,Luca Paz,2023-01-06,1688.6
marcus-dion,Marcus Dion,2023-01-06,1542.4
nick-navarre,Nick Navarre,2023-01-06,1668
patrick-donegan,Patrick Donegan,2023-01-06,1489
raghav-malaviya,Raghav Malaviya,2023-01-06,1726.5
rajan-bal,Rajan Bal,2023-01-06,1630.6
stefan-mott,Stefan Mott,2023-01-06,1684.3
trista-medine,Trista Medine,2023-01-06,1538.6
vijay-sood,Vijay Sood,2023-01-06,1431
wolfe-glick,Wolfe Glick,2023-01-06,1826.1
camilo-liberona,Camilo Liberona,2023-01-21,1504.9
eric-rios,Eric Rios,2023-01-21,1799.9
federico-camporesi,Federico Camporesi,2023-01-21,1619
joseph-ugarte,Joseph Ugarte,2023-01-21,1727.6
luca-ceribelli,Luca Ceribelli,2023-01-21,1656.8
luca-paz,Luca Paz,2023-01-21,1796.5
marco-silva,Marco Silva,2023-01-21,1656.3
oliver-eskolin,Oliver Eskolin,2023-01-21,1718.1
selahattin-sturm,Selahattin Sturm,2023-01-21,1580.9
stefan-mott,Stefan Mott,2023-01-21,1676
taran-birdee,Taran Birdee,2023-01-21,1707
victor-medina,Víctor Medina,2023-01-21,1677
aaron-traylor,Aaron Traylor,2023-02-03,1696.6
aditya-subramanian,Aditya Subramanian,2023-02-03,1750.4
alberto-lara,Alberto Lara,2023-02-03,1696.6
alex-underhill,ALEX UNDERHILL,2023-02-03,1743.9
ashton-cox,Ashton Cox,2023-02-03,1732.6
ben-grissmer,Ben Grissmer,2023-02-03,1612.3
calvin-nisson,Calvin Nisson,2023-02-03,1644
camilo-liberona,Camilo Liberona,2023-02-03,1512.4
carson-confer,Carson Confer,2023-02-03,1712.6
chuppa-cross-iv,Chuppa Cross IV,2023-02-03,1769.5
collin-heier,Collin Heier,2023-02-03,1727.9
dylan-salvanera,Dylan Salvanera,2023-02-03,1634.8
ellie-homen,Ellie Homen,2023-02-03,1472.7
enrique-grimaldo,Enrique Grimaldo,2023-02-03,1554.6
everett-filloon,Everett Filloon,2023-02-03,1534.6
galo-orbea,Galo Orbea,2023-02-03,1591.4
giovanni-cischke,Giovanni Cischke,2023-02-03,1714.4
james-baek,James Baek,2023-02-03,1785.6
james-evans,James Evans,2023-02-03,1857.6
john-mills,John Mills,2023-02-03,1636.4
joseph-ugarte,Joseph Ugarte,2023-02-03,1714.5
joshua-denk,Joshua Denk,2023-02-03,1539.9
justin-burns,Justin Burns,2023-02-03,1762.3
kyle-livinghouse,Kyle Livinghouse,2023-02-03,1723.1
lorenzo-arce,Lorenzo Arce,2023-02-03,1551.4
luca-paz,Luca Paz,2023-02-03,1781.4
marcus-dion,Marcus Dion,2023-02-03,1629.1
nick-navarre,Nick Navarre,2023-02-03,1705.6
patrick-donegan,Patrick Donegan,2023-02-03,1575.9
paul-chua,Paul Chua,2023-02-03,1806
raghav-malaviya,Raghav Malaviya,2023-02-03,1714.2
rajan-bal,Rajan Bal,2023-02-03,1617.9
riley-factura,Riley Factura,2023-02-03,1567.5
stefan-mott,Stefan Mott,2023-02-03,1676.6
vijay-sood,Vijay Sood,2023-02-03,1493.4
wolfe-glick,Wolfe Glick,2023-02-03,1900.4
aaron-traylor,Aaron Traylor,2023-02-17,1683.7
alberto-lara,Alberto Lara,2023-02-17,1794.2
alex-underhill,ALEX UNDERHILL,2023-02-17,1760.5
chuppa-cross-iv,Chuppa Cross IV,2023-02-17,1807.3
collin-heier,Collin Heier,2023-02-17,1772.4
eric-rios,Eric Rios,2023-02-17,1765.9
giulio-tarlao,Giulio Tarlao,2023-02-17,1704.6
james-baek,James Baek,2023-02-17,1763.6
james-evans,James Evans,2023-02-17,1811.4
joseph-ugarte,Joseph Ugarte,2023-02-17,1741.7
justin-burns,Justin Burns,2023-02-17,1743.9
marco-silva,Marco Silva,2023-02-17,1656.1
nick-navarre,Nick Navarre,2023-02-17,1690.9
oliver-eskolin,Oliver Eskolin,2023-02-17,1692.3
raghav-malaviya,Raghav Malaviya,2023-02-17,1774.7
stefan-mott,Stefan Mott,2023-02-17,1702.7
taran-birdee,Taran Birdee,2023-02-17,1691.6
alberto-lara,Alberto Lara,2023-02-24,1817
alex-underhill,ALEX UNDERHILL,2023-02-24,1723.3
ashton-cox,Ashton Cox,2023-02-24,1783
ben-grissmer,Ben Grissmer,2023-02-24,1656.1
calvin-nisson,Calvin Nisson,2023-02-24,1649.4
carson-confer,Carson Confer,2023-02-24,1774.1
dylan-salvanera,Dylan Salvanera,2023-02-24,1655.5
enrique-grimaldo,Enrique Grimaldo,2023-02-24,1654.6
everett-filloon,Everett Filloon,2023-02-24,1552.5
galo-orbea,Galo Orbea,2023-02-24,1593.9
john-mills,John Mills,2023-02-24,1582.7
joseph-ugarte,Joseph Ugarte,2023-02-24,1794.9
joshua-denk,Joshua Denk,2023-02-24,1604.6
logan-mazur,Logan Mazur,2023-02-24,1540.3
lorenzo-arce,Lorenzo Arce,2023-02-24,1590.6
luca-paz,Luca Paz,2023-02-24,1846.5
marcus-dion,Marcus Dion,2023-02-24,1700.4
nick-navarre,Nick Navarre,2023-02-24,1791.3
patrick-donegan,Patrick Donegan,2023-02-24,1617.6
paul-chua,Paul Chua,2023-02-24,1794.1
trista-medine,Trista Medine,2023-02-24,1548.6
vijay-sood,Vijay Sood,2023-02-24,1479
wolfe-glick,Wolfe Glick,2023-02-24,1901.5
eric-rios,Eric Rios,2023-02-25,1808.7
federico-camporesi,Federico Camporesi,2023-02-25,1580.6
giulio-tarlao,Giulio Tarlao,2023-02-25,1663.6
marco-silva,Marco Silva,2023-02-25,1718.7
oliver-eskolin,Oliver Eskolin,2023-02-25,1730.9
selahattin-sturm,Selahattin Sturm,2023-02-25,1606.4
simon-bernard,Simon Bernard,2023-02-25,1565.2
victor-medina,Víctor Medina,2023-02-25,1728
taran-birdee,Taran Birdee,2023-03-04,1762.1
alberto-lara,Alberto Lara,2023-03-10,1781.8
carson-confer,Carson Confer,2023-03-10,1752.9
collin-heier,Collin Heier,2023-03-10,1734.3
dylan-salvanera,Dylan Salvanera,2023-03-10,1741.5
ellie-homen,Ellie Homen,2023-03-10,1469.7
everett-filloon,Everett Filloon,2023-03-10,1554.8
galo-orbea,Galo Orbea,2023-03-10,1617.8
james-baek,James Baek,2023-03-10,1694.8
joseph-ugarte,Joseph Ugarte,2023-03-10,1741.7
joshua-denk,Joshua Denk,2023-03-10,1585.5
logan-mazur,Logan Mazur,2023-03-10,1610.9
luca-paz,Luca Paz,2023-03-10,1804.1
marcus-dion,Marcus Dion,2023-03-10,1743.9
raghav-malaviya,Raghav Malaviya,2023-03-10,1746.6
stefan-mott,Stefan Mott,2023-03-10,1632.5
vijay-sood,Vijay Sood,2023-03-10,1477.4
eduardo-cunha,Eduardo Cunha,2023-03-18,1851.2
eric-rios,Eric Rios,2023-03-18,1891
federico-camporesi,Federico Camporesi,2023-03-18,1676.9
giulio-tarlao,Giulio Tarlao,2023-03-18,1732.2
marco-silva,Marco Silva,2023-03-18,1816
oliver-eskolin,Oliver Eskolin,2023-03-18,1779.8
patrick-donegan,Patrick Donegan,2023-03-18,1552.2
selahattin-sturm,Selahattin Sturm,2023-03-18,1604.7
simon-bernard,Simon Bernard,2023-03-18,1526
taran-birdee,Taran Birdee,2023-03-18,1733.9
victor-medina,Víctor Medina,2023-03-18,1707.6
aditya-subramanian,Aditya Subramanian,2023-03-24,1782.9
alberto-lara,Alberto Lara,2023-03-24,1758.9
ashton-cox,Ashton Cox,2023-03-24,1758
ben-grissmer,Ben Grissmer,2023-03-24,1608.7
calvin-nisson,Calvin Nisson,2023-03-24,1632.7
chuppa-cross-iv,Chuppa Cross IV,2023-03-24,1834.8
collin-heier,Collin Heier,2023-03-24,1724.6
dylan-salvanera,Dylan Salvanera,2023-03-24,1718.7
enrique-grimaldo,Enrique Grimaldo,2023-03-24,1671.1
everett-filloon,Everett Filloon,2023-03-24,1600.5
galo-orbea,Galo Orbea,2023-03-24,1633.6
james-baek,James Baek,2023-03-24,1777.7
james-evans,James Evans,2023-03-24,1773.2
john-mills,John Mills,2023-03-24,1546.1
joseph-ugarte,Joseph Ugarte,2023-03-24,1857.6
kyle-livinghouse,Kyle Livinghouse,2023-03-24,1721.5
logan-mazur,Logan Mazur,2023-03-24,1630.8
lorenzo-arce,Lorenzo Arce,2023-03-24,1578.1
luca-paz,Luca Paz,2023-03-24,1777.1
marcus-dion,Marcus Dion,2023-03-24,1738.9
patrick-donegan,Patrick Donegan,2023-03-24,1505.7
paul-chua,Paul Chua,2023-03-24,1864.9
rajan-bal,Rajan Bal,2023-03-24,1635.3
stefan-mott,Stefan Mott,2023-03-24,1646.7
trista-medine,Trista Medine,2023-03-24,1544.1
vijay-sood,Vijay Sood,2023-03-24,1507.4
wolfe-glick,Wolfe Glick,2023-03-24,1897.8
aaron-traylor,Aaron Traylor,2023-03-31,1704.5
aditya-subramanian,Aditya Subramanian,2023-03-31,1760.7
alberto-lara,Alberto Lara,2023-03-31,1812.7
alex-underhill,ALEX UNDERHILL,2023-03-31,1682.1
ashton-cox,Ashton Cox,2023-03-31,1723.5
carson-confer,Carson Confer,2023-03-31,1733.4
collin-heier,Collin Heier,2023-03-31,1678.2
dylan-salvanera,Dylan Salvanera,2023-03-31,1689.7
ellie-homen,Ellie Homen,2023-03-31,1539
enrique-grimaldo,Enrique Grimaldo,2023-03-31,1679.9
galo-orbea,Galo Orbea,2023-03-31,1656.1
james-evans,James Evans,2023-03-31,1797.6
john-mills,John Mills,2023-03-31,1548.8
joseph-ugarte,Joseph Ugarte,2023-03-31,1871.7
junxi-zhu,Junxi Zhu,2023-03-31,1559.1
kyle-livinghouse,Kyle Livinghouse,2023-03-31,1701.6
logan-mazur,Logan Mazur,2023-03-31,1604.2
lorenzo-arce,Lorenzo Arce,2023-03-31,1604.2
nick-navarre,Nick Navarre,2023-03-31,1829.3
patrick-donegan,Patrick Donegan,2023-03-31,1555.4
paul-chua,Paul Chua,2023-03-31,1874.4
stefan-mott,Stefan Mott,2023-03-31,1615.5
vijay-sood,Vijay Sood,2023-03-31,1594.6
wolfe-glick,Wolfe Glick,2023-03-31,1898.8
aaron-traylor,Aaron Traylor,2023-04-14,1722.8
alberto-lara,Alberto Lara,2023-04-14,1842.2
alex-underhill,ALEX UNDERHILL,2023-04-14,1619.1
carson-confer,Carson Confer,2023-04-14,1771.5
chuppa-cross-iv,Chuppa Cross IV,2023-04-14,1800.8
collin-heier,Collin Heier,2023-04-14,1701.7
dylan-salvanera,Dylan Salvanera,2023-04-14,1638.6
eduardo-cunha,Eduardo Cunha,2023-04-14,1780.6
eric-rios,Eric Rios,2023-04-14,1853.6
federico-camporesi,Federico Camporesi,2023-04-14,1703.7
galo-orbea,Galo Orbea,2023-04-14,1568.7
giovanni-cischke,Giovanni Cischke,2023-04-14,1760.5
giulio-tarlao,Giulio Tarlao,2023-04-14,1829.6
james-baek,James Baek,2023-04-14,1717.1
james-evans,James Evans,2023-04-14,1841.2
joseph-ugarte,Joseph Ugarte,2023-04-14,1830.1
kyle-livinghouse,Kyle Livinghouse,2023-04-14,1723.2
luca-ceribelli,Luca Ceribelli,2023-04-14,1759.8
luca-paz,Luca Paz,2023-04-14,1745.6
marco-silva,Marco Silva,2023-04-14,1793.9
marcus-dion,Marcus Dion,2023-04-14,1680.4
nick-navarre,Nick Navarre,2023-04-14,1851.6
oliver-eskolin,Oliver Eskolin,2023-04-14,1755.3
paul-chua,Paul Chua,2023-04-14,1974.5
raghav-malaviya,Raghav Malaviya,2023-04-14,1713.9
rajan-bal,Rajan Bal,2023-04-14,1603.3
selahattin-sturm,Selahattin Sturm,2023-04-14,1659.2
simon-bernard,Simon Bernard,2023-04-14,1540.8
stefan-mott,Stefan Mott,2023-04-14,1614.3
taran-birdee,Taran Birdee,2023-04-14,1722.8
trista-medine,Trista Medine,2023-04-14,1548.8
victor-medina,Víctor Medina,2023-04-14,1788.6
vijay-sood,Vijay Sood,2023-04-14,1618.1
aaron-traylor,Aaron Traylor,2023-05-05,1707.2
alberto-lara,Alberto Lara,2023-05-05,1811.4
ashton-cox,Ashton Cox,2023-05-05,1754.6
calvin-nisson,Calvin Nisson,2023-05-05,1576
chuppa-cross-iv,Chuppa Cross IV,2023-05-05,1766
collin-heier,Collin Heier,2023-05-05,1703.6
ellie-homen,Ellie Homen,2023-05-05,1520.5
enrique-grimaldo,Enrique Grimaldo,2023-05-05,1677.6
everett-filloon,Everett Filloon,2023-05-05,1555.4
james-baek,James Baek,2023-05-05,1716.4
john-mills,John Mills,2023-05-05,1566.7
joseph-ugarte,Joseph Ugarte,2023-05-05,1883.1
joshua-denk,Joshua Denk,2023-05-05,1602.1
lorenzo-arce,Lorenzo Arce,2023-05-05,1659.1
nick-navarre,Nick Navarre,2023-05-05,1882.1
patrick-donegan,Patrick Donegan,2023-05-05,1559.6
raghav-malaviya,Raghav Malaviya,2023-05-05,1688.5
stefan-mott,Stefan Mott,2023-05-05,1589.4
trista-medine,Trista Medine,2023-05-05,1587.2
vijay-sood,Vijay Sood,2023-05-05,1567.1
camilo-liberona,Camilo Liberona,2023-05-06,1492.8
galo-orbea,Galo Orbea,2023-05-06,1561.7
ben-grissmer,Ben Grissmer,2023-05-19,1660.3
calvin-nisson,Calvin Nisson,2023-05-19,1677.9
chuppa-cross-iv,Chuppa Cross IV,2023-05-19,1775.2
collin-heier,Collin Heier,2023-05-19,1761.8
dylan-salvanera,Dylan Salvanera,2023-05-19,1666.9
james-baek,James Baek,2023-05-19,1662.6
james-evans,James Evans,2023-05-19,1857.6
john-mills,John Mills,2023-05-19,1538.8
joseph-ugarte,Joseph Ugarte,2023-05-19,1844.2
junxi-zhu,Junxi Zhu,2023-05-19,1595.1
justin-burns,Justin Burns,2023-05-19,1689.1
kyle-livinghouse,Kyle Livinghouse,2023-05-19,1813.4
logan-mazur,Logan Mazur,2023-05-19,1605.4
lorenzo-arce,Lorenzo Arce,2023-05-19,1673.7
luca-paz,Luca Paz,2023-05-19,1726.8
marcus-dion,Marcus Dion,2023-05-19,1687.7
nick-navarre,Nick Navarre,2023-05-19,1861.2
patrick-donegan,Patrick Donegan,2023-05-19,1561.6
paul-chua,Paul Chua,2023-05-19,1965.1
rajan-bal,Rajan Bal,2023-05-19,1568.7
riley-factura,Riley Factura,2023-05-19,1697.3
stefan-mott,Stefan Mott,2023-05-19,1680.1
trista-medine,Trista Medine,2023-05-19,1577.5
vijay-sood,Vijay Sood,2023-05-19,1575.7
wolfe-glick,Wolfe Glick,2023-05-19,1924.3
eric-rios,Eric Rios,2023-05-20,1847
federico-camporesi,Federico Camporesi,2023-05-20,1718.2
giulio-tarlao,Giulio Tarlao,2023-05-20,1820.9
luca-ceribelli,Luca Ceribelli,2023-05-20,1795.7
marco-silva,Marco Silva,2023-05-20,1851.3
oliver-eskolin,Oliver Eskolin,2023-05-20,1755.9
selahattin-sturm,Selahattin Sturm,2023-05-20,1611.4
simon-bernard,Simon Bernard,2023-05-20,1553.9
taran-birdee,Taran Birdee,2023-05-20,1784.6
alberto-lara,Alberto Lara,2023-06-02,1745
alex-underhill,ALEX UNDERHILL,2023-06-02,1803
ashton-cox,Ashton Cox,2023-06-02,1783.6
calvin-nisson,Calvin Nisson,2023-06-02,1700.9
carson-confer,Carson Confer,2023-06-02,1690
chuppa-cross-iv,Chuppa Cross IV,2023-06-02,1759.5
collin-heier,Collin Heier,2023-06-02,1807.5
dylan-salvanera,Dylan Salvanera,2023-06-02,1643
ellie-homen,Ellie Homen,2023-06-02,1511.5
enrique-grimaldo,Enrique Grimaldo,2023-06-02,1694.1
james-evans,James Evans,2023-06-02,1916.4
john-mills,John Mills,2023-06-02,1609
junxi-zhu,Junxi Zhu,2023-06-02,1625.9
justin-burns,Justin Burns,2023-06-02,1661.6
logan-mazur,Logan Mazur,2023-06-02,1603.6
lorenzo-arce,Lorenzo Arce,2023-06-02,1656.1
luca-paz,Luca Paz,2023-06-02,1734
marcus-dion,Marcus Dion,2023-06-02,1691.7
nick-navarre,Nick Navarre,2023-06-02,1840.7
patrick-donegan,Patrick Donegan,2023-06-02,1577.1
paul-chua,Paul Chua,2023-06-02,1971.1
raghav-malaviya,Raghav Malaviya,2023-06-02,1702.2
rajan-bal,Rajan Bal,2023-06-02,1621.3
riley-factura,Riley Factura,2023-06-02,1762.9
stefan-mott,Stefan Mott,2023-06-02,1700.8
trista-medine,Trista Medine,2023-06-02,1568.6
vijay-sood,Vijay Sood,2023-06-02,1536.4
camilo-liberona,Camilo Liberona,2023-06-03,1559.5
federico-camporesi,Federico Camporesi,2023-06-03,1694
galo-orbea,Galo Orbea,2023-06-03,1574.1
giulio-tarlao,Giulio Tarlao,2023-06-03,1779.3
luca-ceribelli,Luca Ceribelli,2023-06-03,1826.5
marco-silva,Marco Silva,2023-06-03,1804.7
oliver-eskolin,Oliver Eskolin,2023-06-03,1756.6
selahattin-sturm,Selahattin Sturm,2023-06-03,1621.6
simon-bernard,Simon Bernard,2023-06-03,1568.6
victor-medina,Víctor Medina,2023-06-03,1814.8
aditya-subramanian,Aditya Subramanian,2023-06-10,1739.7
alberto-lara,Alberto Lara,2023-06-10,1814.2
chuppa-cross-iv,Chuppa Cross IV,2023-06-10,1838.5
collin-heier,Collin Heier,2023-06-10,1810.3
ellie-homen,Ellie Homen,2023-06-10,1515.2
everett-filloon,Everett Filloon,2023-06-10,1587.4
galo-orbea,Galo Orbea,2023-06-10,1661.7
joseph-ugarte,Joseph Ugarte,2023-06-10,1809.7
joshua-denk,Joshua Denk,2023-06-10,1629.4
junxi-zhu,Junxi Zhu,2023-06-10,1580
luca-paz,Luca Paz,2023-06-10,1694.3
nick-navarre,Nick Navarre,2023-06-10,1778
patrick-donegan,Patrick Donegan,2023-06-10,1677.1
raghav-malaviya,Raghav Malaviya,2023-06-10,1657.4
riley-factura,Riley Factura,2023-06-10,1838.3
trista-medine,Trista Medine,2023-06-10,1514.3
vijay-sood,Vijay Sood,2023-06-10,1591.9
aditya-subramanian,Aditya Subramanian,2023-06-30,1725.1
alberto-lara,Alberto Lara,2023-06-30,1794.9
alex-underhill,ALEX UNDERHILL,2023-06-30,1755.4
ashton-cox,Ashton Cox,2023-06-30,1807
ben-grissmer,Ben Grissmer,2023-06-30,1703.1
carson-confer,Carson Confer,2023-06-30,1794.3
chuppa-cross-iv,Chuppa Cross IV,2023-06-30,1909.8
collin-heier,Collin Heier,2023-06-30,1834.8
dylan-salvanera,Dylan Salvanera,2023-06-30,1629.5
ellie-homen,Ellie Homen,2023-06-30,1575.6
enrique-grimaldo,Enrique Grimaldo,2023-06-30,1775.4
eric-rios,Eric Rios,2023-06-30,1882.4
everett-filloon,Everett Filloon,2023-06-30,1635.8
galo-orbea,Galo Orbea,2023-06-30,1678.8
giovanni-cischke,Giovanni Cischke,2023-06-30,1745
giulio-tarlao,Giulio Tarlao,2023-06-30,1758.8
james-baek,James Baek,2023-06-30,1698.2
james-evans,James Evans,2023-06-30,1899.6
john-mills,John Mills,2023-06-30,1598.1
joseph-ugarte,Joseph Ugarte,2023-06-30,1884.6
joshua-denk,Joshua Denk,2023-06-30,1636.6
junxi-zhu,Junxi Zhu,2023-06-30,1620
justin-burns,Justin Burns,2023-06-30,1639.5
kyle-livinghouse,Kyle Livinghouse,2023-06-30,1862.2
logan-mazur,Logan Mazur,2023-06-30,1600.2
lorenzo-arce,Lorenzo Arce,2023-06-30,1658.1
luca-paz,Luca Paz,2023-06-30,1645.2
marco-silva,Marco Silva,2023-06-30,1873.7
marcus-dion,Marcus Dion,2023-06-30,1652.6
nick-navarre,Nick Navarre,2023-06-30,1771.7
oliver-eskolin,Oliver Eskolin,2023-06-30,1754.1
paul-chua,Paul Chua,2023-06-30,1887.9
raghav-malaviya,Raghav Malaviya,2023-06-30,1808.3
rajan-bal,Rajan Bal,2023-06-30,1678.3
riley-factura,Riley Factura,2023-06-30,1833.8
stefan-mott,Stefan Mott,2023-06-30,1662.5
trista-medine,Trista Medine,2023-06-30,1667.4
victor-medina,Víctor Medina,2023-06-30,1904.5
vijay-sood,Vijay Sood,2023-06-30,1558.6
wolfe-glick,Wolfe Glick,2023-06-30,1905.3
alberto-lara,Alberto Lara,2023-08-11,1779
chuppa-cross-iv,Chuppa Cross IV,2023-08-11,1825.9
eric-rios,Eric Rios,2023-08-11,1821.5
federico-camporesi,Federico Camporesi,2023-08-11,1763.7
galo-orbea,Galo Orbea,2023-08-11,1628.2
giulio-tarlao,Giulio Tarlao,2023-08-11,1705.8
james-evans,James Evans,2023-08-11,1816.2
joseph-ugarte,Joseph Ugarte,2023-08-11,1862.2
justin-burns,Justin Burns,2023-08-11,1595.4
kyle-livinghouse,Kyle Livinghouse,2023-08-11,1832
luca-ceribelli,Luca Ceribelli,2023-08-11,1777.8
marco-silva,Marco Silva,2023-08-11,1873.2
marcus-dion,Marcus Dion,2023-08-11,1628
nick-navarre,Nick Navarre,2023-08-11,1769.8
patrick-donegan,Patrick Donegan,2023-08-11,1662.1
paul-chua,Paul Chua,2023-08-11,1839
raghav-malaviya,Raghav Malaviya,2023-08-11,1749
selahattin-sturm,Selahattin Sturm,2023-08-11,1594.2
shohei-kimura,Shohei Kimura,2023-08-11,1736.9
taran-birdee,Taran Birdee,2023-08-11,1761.4
victor-medina,Víctor Medina,2023-08-11,1894.4
aaron-traylor,Aaron Traylor,2023-09-08,1810.7
alberto-lara,Alberto Lara,2023-09-08,1865.2
ben-grissmer,Ben Grissmer,2023-09-08,1695.8
calvin-nisson,Calvin Nisson,2023-09-08,1702.4
chuppa-cross-iv,Chuppa Cross IV,2023-09-08,1839.4
dylan-salvanera,Dylan Salvanera,2023-09-08,1668.9
giovanni-cischke,Giovanni Cischke,2023-09-08,1804.2
james-baek,James Baek,2023-09-08,1788.1
james-evans,James Evans,2023-09-08,1857.3
john-mills,John Mills,2023-09-08,1565.1
joseph-ugarte,Joseph Ugarte,2023-09-08,1848.5
joshua-denk,Joshua Denk,2023-09-08,1628
junxi-zhu,Junxi Zhu,2023-09-08,1643.6
justin-burns,Justin Burns,2023-09-08,1575.4
kyle-livinghouse,Kyle Livinghouse,2023-09-08,1845.6
lorenzo-arce,Lorenzo Arce,2023-09-08,1646.3
luca-paz,Luca Paz,2023-09-08,1641
marcus-dion,Marcus Dion,2023-09-08,1562.5
nick-navarre,Nick Navarre,2023-09-08,1760
paul-chua,Paul Chua,2023-09-08,1809.7
rajan-bal,Rajan Bal,2023-09-08,1778.5
riley-factura,Riley Factura,2023-09-08,1946.5
stefan-mott,Stefan Mott,2023-09-08,1663.5
vijay-sood,Vijay Sood,2023-09-08,1561.7
wolfe-glick,Wolfe Glick,2023-09-08,1950.3
eduardo-cunha,Eduardo Cunha,2023-09-16,1869.5
federico-camporesi,Federico Camporesi,2023-09-16,1728.4
marco-silva,Marco Silva,2023-09-16,1828.7
oliver-eskolin,Oliver Eskolin,2023-09-16,1780.1
selahattin-sturm,Selahattin Sturm,2023-09-16,1667.6
simon-bernard,Simon Bernard,2023-09-16,1573.6
taran-birdee,Taran Birdee,2023-09-16,1705.5
victor-medina,Víctor Medina,2023-09-16,1859.8
camilo-liberona,Camilo Liberona,2023-09-23,1556.2
stefan-mott,Stefan Mott,2023-09-23,1649.8
calvin-nisson,Calvin Nisson,2023-10-06,1638.2
carson-confer,Carson Confer,2023-10-06,1788.6
collin-heier,Collin Heier,2023-10-06,1764
dylan-salvanera,Dylan Salvanera,2023-10-06,1709.5
enrique-grimaldo,Enrique Grimaldo,2023-10-06,1714
everett-filloon,Everett Filloon,2023-10-06,1689.7
james-baek,James Baek,2023-10-06,1934.1
james-evans,James Evans,2023-10-06,1823.6
joseph-ugarte,Joseph Ugarte,2023-10-06,1816.9
junxi-zhu,Junxi Zhu,2023-10-06,1741.3
justin-burns,Justin Burns,2023-10-06,1613.9
logan-mazur,Logan Mazur,2023-10-06,1559.1
marcus-dion,Marcus Dion,2023-10-06,1621
nick-navarre,Nick Navarre,2023-10-06,1752.9
paul-chua,Paul Chua,2023-10-06,1840.3
riley-factura,Riley Factura,2023-10-06,1907.8
alberto-lara,Alberto Lara,2023-10-13,1868.4
alex-underhill,ALEX UNDERHILL,2023-10-13,1825
dylan-salvanera,Dylan Salvanera,2023-10-13,1740.5
ellie-homen,Ellie Homen,2023-10-13,1590.5
enrique-grimaldo,Enrique Grimaldo,2023-10-13,1675.3
everett-filloon,Everett Filloon,2023-10-13,1620
galo-orbea,Galo Orbea,2023-10-13,1656.9
joseph-ugarte,Joseph Ugarte,2023-10-13,1779.5
joshua-denk,Joshua Denk,2023-10-13,1610.8
kyle-livinghouse,Kyle Livinghouse,2023-10-13,1827.2
lorenzo-arce,Lorenzo Arce,2023-10-13,1667.4
marcus-dion,Marcus Dion,2023-10-13,1662.4
raghav-malaviya,Raghav Malaviya,2023-10-13,1824.7
riley-factura,Riley Factura,2023-10-13,1929.3
stefan-mott,Stefan Mott,2023-10-13,1714.5
trista-medine,Trista Medine,2023-10-13,1698.8
vijay-sood,Vijay Sood,2023-10-13,1494.6
eric-rios,Eric Rios,2023-10-21,1839.6
giulio-tarlao,Giulio Tarlao,2023-10-21,1763.9
marco-silva,Marco Silva,2023-10-21,1872.1
oliver-eskolin,Oliver Eskolin,2023-10-21,1765.1
selahattin-sturm,Selahattin Sturm,2023-10-21,1638.5
simon-bernard,Simon Bernard,2023-10-21,1527.5
taran-birdee,Taran Birdee,2023-10-21,1803.9
victor-medina,Víctor Medina,2023-10-21,1816.8
alberto-lara,Alberto Lara,2023-10-27,1839.8
ben-grissmer,Ben Grissmer,2023-10-27,1697.2
calvin-nisson,Calvin Nisson,2023-10-27,1652.7
camilo-liberona,Camilo Liberona,2023-10-27,1601.3
carson-confer,Carson Confer,2023-10-27,1742.7
chuppa-cross-iv,Chuppa Cross IV,2023-10-27,1956.3
collin-heier,Collin Heier,2023-10-27,1727.5
dylan-salvanera,Dylan Salvanera,2023-10-27,1750.8
eric-rios,Eric Rios,2023-10-27,1800.3
everett-filloon,Everett Filloon,2023-10-27,1651.9
galo-orbea,Galo Orbea,2023-10-27,1636.3
james-baek,James Baek,2023-10-27,1891
james-evans,James Evans,2023-10-27,1826
joseph-ugarte,Joseph Ugarte,2023-10-27,1758.1
joshua-denk,Joshua Denk,2023-10-27,1641.8
junxi-zhu,Junxi Zhu,2023-10-27,1719.9
kyle-livinghouse,Kyle Livinghouse,2023-10-27,1797.1
lorenzo-arce,Lorenzo Arce,2023-10-27,1674.9
luca-paz,Luca Paz,2023-10-27,1670.1
marco-silva,Marco Silva,2023-10-27,1833.8
marcus-dion,Marcus Dion,2023-10-27,1644.3
nick-navarre,Nick Navarre,2023-10-27,1706.5
paul-chua,Paul Chua,2023-10-27,1915
raghav-malaviya,Raghav Malaviya,2023-10-27,1896.2
rajan-bal,Rajan Bal,2023-10-27,1773.5
riley-factura,Riley Factura,2023-10-27,1900.4
stefan-mott,Stefan Mott,2023-10-27,1695.1
trista-medine,Trista Medine,2023-10-27,1724.7
alberto-lara,Alberto Lara,2023-11-17,1827.9
camilo-liberona,Camilo Liberona,2023-11-17,1627
carson-confer,Carson Confer,2023-11-17,1760.8
chuppa-cross-iv,Chuppa Cross IV,2023-11-17,1908.4
dylan-salvanera,Dylan Salvanera,2023-11-17,1770
eduardo-cunha,Eduardo Cunha,2023-11-17,1865.6
ellie-homen,Ellie Homen,2023-11-17,1508.4
eric-rios,Eric Rios,2023-11-17,1827
galo-orbea,Galo Orbea,2023-11-17,1619
giulio-tarlao,Giulio Tarlao,2023-11-17,1807.2
james-baek,James Baek,2023-11-17,1870.6
james-evans,James Evans,2023-11-17,1815
joseph-ugarte,Joseph Ugarte,2023-11-17,1806.4
marco-silva,Marco Silva,2023-11-17,1927.4
nick-navarre,Nick Navarre,2023-11-17,1713
riley-factura,Riley Factura,2023-11-17,1897
stefan-mott,Stefan Mott,2023-11-17,1668.3
taran-birdee,Taran Birdee,2023-11-17,1705.4
victor-medina,Víctor Medina,2023-11-17,1873.1
eric-rios,Eric Rios,2023-11-25,1887.9
oliver-eskolin,Oliver Eskolin,2023-11-25,1899
selahattin-sturm,Selahattin Sturm,2023-11-25,1662.3
simon-bernard,Simon Bernard,2023-11-25,1547.7
victor-medina,Víctor Medina,2023-11-25,1848.2
eduardo-cunha,Eduardo Cunha,2023-12-09,1827
marco-silva,Marco Silva,2023-12-09,1835.6
selahattin-sturm,Selahattin Sturm,2023-12-09,1715.1
simon-bernard,Simon Bernard,2023-12-09,1543.7
taran-birdee,Taran Birdee,2023-12-09,1667.6
aditya-subramanian,Aditya Subramanian,2023-12-15,1793.9
alberto-lara,Alberto Lara,2023-12-15,1782.8
alex-underhill,ALEX UNDERHILL,2023-12-15,1771.8
ben-grissmer,Ben Grissmer,2023-12-15,1718
calvin-nisson,Calvin Nisson,2023-12-15,1622
carson-confer,Carson Confer,2023-12-15,1818.6
collin-heier,Collin Heier,2023-12-15,1728.2
dylan-salvanera,Dylan Salvanera,2023-12-15,1748
ellie-homen,Ellie Homen,2023-12-15,1558.8
enrique-grimaldo,Enrique Grimaldo,2023-12-15,1644.7
everett-filloon,Everett Filloon,2023-12-15,1596.1
giovanni-cischke,Giovanni Cischke,2023-12-15,1784.3
james-baek,James Baek,2023-12-15,1854.1
john-mills,John Mills,2023-12-15,1629.4
joseph-ugarte,Joseph Ugarte,2023-12-15,1854.4
joshua-denk,Joshua Denk,2023-12-15,1666.9
junxi-zhu,Junxi Zhu,2023-12-15,1652.8
justin-burns,Justin Burns,2023-12-15,1796.2
lorenzo-arce,Lorenzo Arce,2023-12-15,1687.6
marcus-dion,Marcus Dion,2023-12-15,1683.1
raghav-malaviya,Raghav Malaviya,2023-12-15,1931.9
rajan-bal,Rajan Bal,2023-12-15,1724.5
riley-factura,Riley Factura,2023-12-15,1896.6
stefan-mott,Stefan Mott,2023-12-15,1695.3
trista-medine,Trista Medine,2023-12-15,1654.3
vijay-sood,Vijay Sood,2023-12-15,1521.5
aditya-subramanian,Aditya Subramanian,2024-01-05,1771.5
alberto-lara,Alberto Lara,2024-01-05,1797.2
alex-underhill,ALEX UNDERHILL,2024-01-05,1921.1
carson-confer,Carson Confer,2024-01-05,1859.2
chuppa-cross-iv,Chuppa Cross IV,2024-01-05,1950.3
collin-heier,Collin Heier,2024-01-05,1805.6
dylan-salvanera,Dylan Salvanera,2024-01-05,1795
ellie-homen,Ellie Homen,2024-01-05,1509.8
enrique-grimaldo,Enrique Grimaldo,2024-01-05,1633.5
everett-filloon,Everett Filloon,2024-01-05,1713
joseph-ugarte,Joseph Ugarte,2024-01-05,1854.3
joshua-denk,Joshua Denk,2024-01-05,1703.2
junxi-zhu,Junxi Zhu,2024-01-05,1629.8
lorenzo-arce,Lorenzo Arce,2024-01-05,1675.6
luca-paz,Luca Paz,2024-01-05,1774.8
nick-navarre,Nick Navarre,2024-01-05,1706.7
raghav-malaviya,Raghav Malaviya,2024-01-05,1882.8
rajan-bal,Rajan Bal,2024-01-05,1731.1
riley-factura,Riley Factura,2024-01-05,1836.7
stefan-mott,Stefan Mott,2024-01-05,1684
trista-medine,Trista Medine,2024-01-05,1681.1
aaron-traylor,Aaron Traylor,2024-01-19,1738.4
aditya-subramanian,Aditya Subramanian,2024-01-19,1756.8
ashton-cox,Ashton Cox,2024-01-19,1846.3
ben-grissmer,Ben Grissmer,2024-01-19,1668.3
calvin-nisson,Calvin Nisson,2024-01-19,1648.2
chuppa-cross-iv,Chuppa Cross IV,2024-01-19,1911.3
dylan-salvanera,Dylan Salvanera,2024-01-19,1742.9
enrique-grimaldo,Enrique Grimaldo,2024-01-19,1649.2
everett-filloon,Everett Filloon,2024-01-19,1698.8
galo-orbea,Galo Orbea,2024-01-19,1659.9
james-baek,James Baek,2024-01-19,1788.6
james-evans,James Evans,2024-01-19,1823.2
john-mills,John Mills,2024-01-19,1606.9
joseph-ugarte,Joseph Ugarte,2024-01-19,1831
joshua-denk,Joshua Denk,2024-01-19,1730.1
junxi-zhu,Junxi Zhu,2024-01-19,1618.2
justin-burns,Justin Burns,2024-01-19,1841.8
kyle-livinghouse,Kyle Livinghouse,2024-01-19,1860.8
logan-mazur,Logan Mazur,2024-01-19,1591.8
lorenzo-arce,Lorenzo Arce,2024-01-19,1681.1
luca-paz,Luca Paz,2024-01-19,1735.7
marcus-dion,Marcus Dion,2024-01-19,1681
nick-navarre,Nick Navarre,2024-01-19,1784.8
paul-chua,Paul Chua,2024-01-19,1889.4
raghav-malaviya,Raghav Malaviya,2024-01-19,1866.2
rajan-bal,Rajan Bal,2024-01-19,1823
riley-factura,Riley Factura,2024-01-19,1840.9
stefan-mott,Stefan Mott,2024-01-19,1713.5
trista-medine,Trista Medine,2024-01-19,1694.8
vijay-sood,Vijay Sood,2024-01-19,1537
wolfe-glick,Wolfe Glick,2024-01-19,2051.7
eduardo-cunha,Eduardo Cunha,2024-01-27,1878.2
federico-camporesi,Federico Camporesi,2024-01-27,1690.2
giulio-tarlao,Giulio Tarlao,2024-01-27,1732.8
joseph-ugarte,Joseph Ugarte,2024-01-27,1836.5
marco-silva,Marco Silva,2024-01-27,1773.3
oliver-eskolin,Oliver Eskolin,2024-01-27,1801.5
patrick-donegan,Patrick Donegan,2024-01-27,1641.8
simon-bernard,Simon Bernard,2024-01-27,1558.8
taran-birdee,Taran Birdee,2024-01-27,1682.9
victor-medina,Víctor Medina,2024-01-27,1809.2
aaron-traylor,Aaron Traylor,2024-02-02,1784.4
ashton-cox,Ashton Cox,2024-02-02,1817
calvin-nisson,Calvin Nisson,2024-02-02,1635.5
enrique-grimaldo,Enrique Grimaldo,2024-02-02,1777.8
everett-filloon,Everett Filloon,2024-02-02,1715.9
galo-orbea,Galo Orbea,2024-02-02,1739.5
james-evans,James Evans,2024-02-02,1912.7
john-mills,John Mills,2024-02-02,1650.4
joseph-ugarte,Joseph Ugarte,2024-02-02,1879.7
junxi-zhu,Junxi Zhu,2024-02-02,1741.6
justin-burns,Justin Burns,2024-02-02,1828.3
kyle-livinghouse,Kyle Livinghouse,2024-02-02,1905.3
logan-mazur,Logan Mazur,2024-02-02,1647.7
lorenzo-arce,Lorenzo Arce,2024-02-02,1703.3
luca-paz,Luca Paz,2024-02-02,1829.7
nick-navarre,Nick Navarre,2024-02-02,1761.3
paul-chua,Paul Chua,2024-02-02,1846.7
rajan-bal,Rajan Bal,2024-02-02,1811
riley-factura,Riley Factura,2024-02-02,1837.8
trista-medine,Trista Medine,2024-02-02,1713.3
eduardo-cunha,Eduardo Cunha,2024-02-10,1851.8
eric-rios,Eric Rios,2024-02-10,1903.3
federico-camporesi,Federico Camporesi,2024-02-10,1638.8
giulio-tarlao,Giulio Tarlao,2024-02-10,1728.3
selahattin-sturm,Selahattin Sturm,2024-02-10,1745.8
taran-birdee,Taran Birdee,2024-02-10,1677.2
victor-medina,Víctor Medina,2024-02-10,1908.2
camilo-liberona,Camilo Liberona,2024-03-02,1553.6
eric-rios,Eric Rios,2024-03-02,1869.1
federico-camporesi,Federico Camporesi,2024-03-02,1625.4
giulio-tarlao,Giulio Tarlao,2024-03-02,1740.6
patrick-donegan,Patrick Donegan,2024-03-02,1619
selahattin-sturm,Selahattin Sturm,2024-03-02,1718.9
simon-bernard,Simon Bernard,2024-03-02,1571.1
taran-birdee,Taran Birdee,2024-03-02,1685
victor-medina,Víctor Medina,2024-03-02,1900.1
aaron-traylor,Aaron Traylor,2024-03-22,1816.1
aditya-subramanian,Aditya Subramanian,2024-03-22,1707.6
alberto-lara,Alberto Lara,2024-03-22,1821.7
alex-underhill,ALEX UNDERHILL,2024-03-22,1849.7
ashton-cox,Ashton Cox,2024-03-22,1877.5
ben-grissmer,Ben Grissmer,2024-03-22,1628
chuppa-cross-iv,Chuppa Cross IV,2024-03-22,1870.8
collin-heier,Collin Heier,2024-03-22,1771.6
dylan-salvanera,Dylan Salvanera,2024-03-22,1754.1
ellie-homen,Ellie Homen,2024-03-22,1502.6
everett-filloon,Everett Filloon,2024-03-22,1707.7
galo-orbea,Galo Orbea,2024-03-22,1710.1
james-baek,James Baek,2024-03-22,1767.4
james-evans,James Evans,2024-03-22,1948.3
joseph-ugarte,Joseph Ugarte,2024-03-22,1833.1
joshua-denk,Joshua Denk,2024-03-22,1769.7
junxi-zhu,Junxi Zhu,2024-03-22,1692.7
logan-mazur,Logan Mazur,2024-03-22,1635.4
marcus-dion,Marcus Dion,2024-03-22,1775.6
patrick-donegan,Patrick Donegan,2024-03-22,1593
raghav-malaviya,Raghav Malaviya,2024-03-22,1852.2
stefan-mott,Stefan Mott,2024-03-22,1731.8
trista-medine,Trista Medine,2024-03-22,1739.3
vijay-sood,Vijay Sood,2024-03-22,1565
aaron-traylor,Aaron Traylor,2024-04-05,1784.6
alberto-lara,Alberto Lara,2024-04-05,1865.1
ashton-cox,Ashton Cox,2024-04-05,1840.3
ben-grissmer,Ben Grissmer,2024-04-05,1661.6
camilo-liberona,Camilo Liberona,2024-04-05,1597.3
chuppa-cross-iv,Chuppa Cross IV,2024-04-05,1803.5
collin-heier,Collin Heier,2024-04-05,1730.1
dylan-salvanera,Dylan Salvanera,2024-04-05,1714.1
eduardo-cunha,Eduardo Cunha,2024-04-05,1863.9
ellie-homen,Ellie Homen,2024-04-05,1542.3
eric-rios,Eric Rios,2024-04-05,1839.2
everett-filloon,Everett Filloon,2024-04-05,1740
federico-camporesi,Federico Camporesi,2024-04-05,1606.7
galo-orbea,Galo Orbea,2024-04-05,1610
giovanni-cischke,Giovanni Cischke,2024-04-05,1771.7
giulio-tarlao,Giulio Tarlao,2024-04-05,1730
james-baek,James Baek,2024-04-05,1796.5
joseph-ugarte,Joseph Ugarte,2024-04-05,1809.1
junxi-zhu,Junxi Zhu,2024-04-05,1707.3
justin-burns,Justin Burns,2024-04-05,1803.8
kyle-livinghouse,Kyle Livinghouse,2024-04-05,1794
lorenzo-arce,Lorenzo Arce,2024-04-05,1641.5
luca-ceribelli,Luca Ceribelli,2024-04-05,1896.6
luca-paz,Luca Paz,2024-04-05,1746.3
marco-silva,Marco Silva,2024-04-05,1782.7
marcus-dion,Marcus Dion,2024-04-05,1771.2
oliver-eskolin,Oliver Eskolin,2024-04-05,1820.2
paul-chua,Paul Chua,2024-04-05,1815.6
raghav-malaviya,Raghav Malaviya,2024-04-05,1798.9
riley-factura,Riley Factura,2024-04-05,1821.7
selahattin-sturm,Selahattin Sturm,2024-04-05,1721
shohei-kimura,Shohei Kimura,2024-04-05,1714.3
simon-bernard,Simon Bernard,2024-04-05,1547.4
stefan-mott,Stefan Mott,2024-04-05,1791.2
taran-birdee,Taran Birdee,2024-04-05,1686.7
trista-medine,Trista Medine,2024-04-05,1728.2
victor-medina,Víctor Medina,2024-04-05,1901
vijay-sood,Vijay Sood,2024-04-05,1563.8
wolfe-glick,Wolfe Glick,2024-04-05,2030.4
ashton-cox,Ashton Cox,2024-04-12,1859
ben-grissmer,Ben Grissmer,2024-04-12,1789.7
calvin-nisson,Calvin Nisson,2024-04-12,1661.6
camilo-liberona,Camilo Liberona,2024-04-12,1598.8
dylan-salvanera,Dylan Salvanera,2024-04-12,1718.4
enrique-grimaldo,Enrique Grimaldo,2024-04-12,1728.4
galo-orbea,Galo Orbea,2024-04-12,1645.7
james-baek,James Baek,2024-04-12,1832.6
john-mills,John Mills,2024-04-12,1675.9
junxi-zhu,Junxi Zhu,2024-04-12,1685.6
logan-mazur,Logan Mazur,2024-04-12,1628.2
luca-paz,Luca Paz,2024-04-12,1797.4
marcus-dion,Marcus Dion,2024-04-12,1712.3
paul-chua,Paul Chua,2024-04-12,1775
rajan-bal,Rajan Bal,2024-04-12,1754
riley-factura,Riley Factura,2024-04-12,1839.6
stefan-mott,Stefan Mott,2024-04-12,1819.2
vijay-sood,Vijay Sood,2024-04-12,1594.7
wolfe-glick,Wolfe Glick,2024-04-12,2030.5
camilo-liberona,Camilo Liberona,2024-04-20,1602.2
riley-factura,Riley Factura,2024-04-20,1859.2
aaron-traylor,Aaron Traylor,2024-05-03,1830.7
ashton-cox,Ashton Cox,2024-05-03,1790.9
calvin-nisson,Calvin Nisson,2024-05-03,1649.7
collin-heier,Collin Heier,2024-05-03,1733.9
dylan-salvanera,Dylan Salvanera,2024-05-03,1767.8
everett-filloon,Everett Filloon,2024-05-03,1732.2
john-mills,John Mills,2024-05-03,1640.8
joseph-ugarte,Joseph Ugarte,2024-05-03,1792.4
junxi-zhu,Junxi Zhu,2024-05-03,1789.8
justin-burns,Justin Burns,2024-05-03,1892.9
logan-mazur,Logan Mazur,2024-05-03,1655.9
lorenzo-arce,Lorenzo Arce,2024-05-03,1618.2
nick-navarre,Nick Navarre,2024-05-03,1884.7
paul-chua,Paul Chua,2024-05-03,1758.8
rajan-bal,Rajan Bal,2024-05-03,1900.5
riley-factura,Riley Factura,2024-05-03,1808.6
stefan-mott,Stefan Mott,2024-05-03,1847.5
vijay-sood,Vijay Sood,2024-05-03,1605.4
eric-rios,Eric Rios,2024-05-11,1786.4
federico-camporesi,Federico Camporesi,2024-05-11,1637.4
giulio-tarlao,Giulio Tarlao,2024-05-11,1788.3
marco-silva,Marco Silva,2024-05-11,1894.1
oliver-eskolin,Oliver Eskolin,2024-05-11,1783.7
simon-bernard,Simon Bernard,2024-05-11,1544.8
taran-birdee,Taran Birdee,2024-05-11,1689.2
victor-medina,Víctor Medina,2024-05-11,1856.3
camilo-liberona,Camilo Liberona,2024-05-18,1624.6
galo-orbea,Galo Orbea,2024-05-18,1653.9
aditya-subramanian,Aditya Subramanian,2024-05-24,1810.4
alberto-lara,Alberto Lara,2024-05-24,1838
alex-underhill,ALEX UNDERHILL,2024-05-24,1823.7
ben-grissmer,Ben Grissmer,2024-05-24,1777.8
collin-heier,Collin Heier,2024-05-24,1806.2
dylan-salvanera,Dylan Salvanera,2024-05-24,1704
ellie-homen,Ellie Homen,2024-05-24,1503.6
enrique-grimaldo,Enrique Grimaldo,2024-05-24,1733.2
everett-filloon,Everett Filloon,2024-05-24,1731.8
james-baek,James Baek,2024-05-24,1797.1
james-evans,James Evans,2024-05-24,1909.3
john-mills,John Mills,2024-05-24,1588
joseph-ugarte,Joseph Ugarte,2024-05-24,1829.2
joshua-denk,Joshua Denk,2024-05-24,1760
junxi-zhu,Junxi Zhu,2024-05-24,1783
justin-burns,Justin Burns,2024-05-24,1923
nick-navarre,Nick Navarre,2024-05-24,1816.8
raghav-malaviya,Raghav Malaviya,2024-05-24,1812.4
rajan-bal,Rajan Bal,2024-05-24,1924.3
riley-factura,Riley Factura,2024-05-24,1782.5
stefan-mott,Stefan Mott,2024-05-24,1819.4
vijay-sood,Vijay Sood,2024-05-24,1648.8
federico-camporesi,Federico Camporesi,2024-06-01,1664.3
giulio-tarlao,Giulio Tarlao,2024-06-01,1796.7
luca-ceribelli,Luca Ceribelli,2024-06-01,1903.1
marco-silva,Marco Silva,2024-06-01,1868.8
selahattin-sturm,Selahattin Sturm,2024-06-01,1712.6
simon-bernard,Simon Bernard,2024-06-01,1528.8
victor-medina,Víctor Medina,2024-06-01,1858.1
aaron-traylor,Aaron Traylor,2024-06-07,1778.6
aditya-subramanian,Aditya Subramanian,2024-06-07,1788.5
alberto-lara,Alberto Lara,2024-06-07,1839.4
alex-underhill,ALEX UNDERHILL,2024-06-07,1934.4
ashton-cox,Ashton Cox,2024-06-07,1762.8
calvin-nisson,Calvin Nisson,2024-06-07,1685.4
camilo-liberona,Camilo Liberona,2024-06-07,1651.4
chuppa-cross-iv,Chuppa Cross IV,2024-06-07,1749.4
collin-heier,Collin Heier,2024-06-07,1772.9
dylan-salvanera,Dylan Salvanera,2024-06-07,1692.1
eduardo-cunha,Eduardo Cunha,2024-06-07,1960
ellie-homen,Ellie Homen,2024-06-07,1477.2
enrique-grimaldo,Enrique Grimaldo,2024-06-07,1693.4
eric-rios,Eric Rios,2024-06-07,1856.5
everett-filloon,Everett Filloon,2024-06-07,1704.4
federico-camporesi,Federico Camporesi,2024-06-07,1756.6
galo-orbea,Galo Orbea,2024-06-07,1618.6
giovanni-cischke,Giovanni Cischke,2024-06-07,1769
giulio-tarlao,Giulio Tarlao,2024-06-07,1897.1
james-evans,James Evans,2024-06-07,1884.2
john-mills,John Mills,2024-06-07,1562.4
joseph-ugarte,Joseph Ugarte,2024-06-07,1741.2
joshua-denk,Joshua Denk,2024-06-07,1726
junxi-zhu,Junxi Zhu,2024-06-07,1861.2
justin-burns,Justin Burns,2024-06-07,1987
kyle-livinghouse,Kyle Livinghouse,2024-06-07,1853.1
logan-mazur,Logan Mazur,2024-06-07,1705.4
lorenzo-arce,Lorenzo Arce,2024-06-07,1655
luca-paz,Luca Paz,2024-06-07,1798.1
marco-silva,Marco Silva,2024-06-07,1860.2
nick-navarre,Nick Navarre,2024-06-07,1749.9
patrick-donegan,Patrick Donegan,2024-06-07,1613.8
paul-chua,Paul Chua,2024-06-07,1847
raghav-malaviya,Raghav Malaviya,2024-06-07,1794
rajan-bal,Rajan Bal,2024-06-07,1897.2
stefan-mott,Stefan Mott,2024-06-07,1757.2
taran-birdee,Taran Birdee,2024-06-07,1791
trista-medine,Trista Medine,2024-06-07,1653
victor-medina,Víctor Medina,2024-06-07,1840.1
vijay-sood,Vijay Sood,2024-06-07,1645.8
wolfe-glick,Wolfe Glick,2024-06-07,2004.5
aaron-traylor,Aaron Traylor,2024-08-16,1821
aditya-subramanian,Aditya Subramanian,2024-08-16,1736.8
alberto-lara,Alberto Lara,2024-08-16,1806.8
alex-underhill,ALEX UNDERHILL,2024-08-16,1912.2
ashton-cox,Ashton Cox,2024-08-16,1759.4
calvin-nisson,Calvin Nisson,2024-08-16,1665.9
camilo-liberona,Camilo Liberona,2024-08-16,1673.1
carson-confer,Carson Confer,2024-08-16,1816.7
chuppa-cross-iv,Chuppa Cross IV,2024-08-16,1788
collin-heier,Collin Heier,2024-08-16,1766.5
dylan-salvanera,Dylan Salvanera,2024-08-16,1690.5
eduardo-cunha,Eduardo Cunha,2024-08-16,1873.7
enrique-grimaldo,Enrique Grimaldo,2024-08-16,1709.5
eric-rios,Eric Rios,2024-08-16,1877.9
everett-filloon,Everett Filloon,2024-08-16,1739.3
federico-camporesi,Federico Camporesi,2024-08-16,1769.9
galo-orbea,Galo Orbea,2024-08-16,1591.2
giovanni-cischke,Giovanni Cischke,2024-08-16,1752.8
giulio-tarlao,Giulio Tarlao,2024-08-16,1853.3
james-baek,James Baek,2024-08-16,1735.1
james-evans,James Evans,2024-08-16,1828
john-mills,John Mills,2024-08-16,1582
joseph-ugarte,Joseph Ugarte,2024-08-16,1734.6
joshua-denk,Joshua Denk,2024-08-16,1734.6
junxi-zhu,Junxi Zhu,2024-08-16,1860.6
justin-burns,Justin Burns,2024-08-16,1944
kyle-livinghouse,Kyle Livinghouse,2024-08-16,1782.1
logan-mazur,Logan Mazur,2024-08-16,1659.6
lorenzo-arce,Lorenzo Arce,2024-08-16,1664.4
luca-ceribelli,Luca Ceribelli,2024-08-16,1975.9
luca-paz,Luca Paz,2024-08-16,1824
marco-silva,Marco Silva,2024-08-16,1903.7
marcus-dion,Marcus Dion,2024-08-16,1659
nick-navarre,Nick Navarre,2024-08-16,1712.3
oliver-eskolin,Oliver Eskolin,2024-08-16,1841.4
paul-chua,Paul Chua,2024-08-16,1825.4
rajan-bal,Rajan Bal,2024-08-16,1839.7
riley-factura,Riley Factura,2024-08-16,1827.6
selahattin-sturm,Selahattin Sturm,2024-08-16,1731.1
shohei-kimura,Shohei Kimura,2024-08-16,1801.9
simon-bernard,Simon Bernard,2024-08-16,1561.8
stefan-mott,Stefan Mott,2024-08-16,1708.6
taran-birdee,Taran Birdee,2024-08-16,1851
trista-medine,Trista Medine,2024-08-16,1622.7
victor-medina,Víctor Medina,2024-08-16,1864.1
wolfe-glick,Wolfe Glick,2024-08-16,1973.5
alberto-lara,Alberto Lara,2024-09-13,1779.6
ben-grissmer,Ben Grissmer,2024-09-13,1825.8
calvin-nisson,Calvin Nisson,2024-09-13,1689.7
chuppa-cross-iv,Chuppa Cross IV,2024-09-13,1800.8
dylan-salvanera,Dylan Salvanera,2024-09-13,1676.7
ellie-homen,Ellie Homen,2024-09-13,1442.6
enrique-grimaldo,Enrique Grimaldo,2024-09-13,1709.6
everett-filloon,Everett Filloon,2024-09-13,1690.6
james-evans,James Evans,2024-09-13,1856.8
joseph-ugarte,Joseph Ugarte,2024-09-13,1755.9
joshua-denk,Joshua Denk,2024-09-13,1719.1
junxi-zhu,Junxi Zhu,2024-09-13,1898
kyle-livinghouse,Kyle Livinghouse,2024-09-13,1827.3
logan-mazur,Logan Mazur,2024-09-13,1676.2
lorenzo-arce,Lorenzo Arce,2024-09-13,1763.2
nick-navarre,Nick Navarre,2024-09-13,1779
paul-chua,Paul Chua,2024-09-13,1879.1
rajan-bal,Rajan Bal,2024-09-13,1761.8
riley-factura,Riley Factura,2024-09-13,1862.9
stefan-mott,Stefan Mott,2024-09-13,1715.9
trista-medine,Trista Medine,2024-09-13,1632.2
vijay-sood,Vijay Sood,2024-09-13,1698.4
wolfe-glick,Wolfe Glick,2024-09-13,1976.2
camilo-liberona,Camilo Liberona,2024-09-28,1662
federico-camporesi,Federico Camporesi,2024-09-28,1756.6
galo-orbea,Galo Orbea,2024-09-28,1592.8
giulio-tarlao,Giulio Tarlao,2024-09-28,1849.3
oliver-eskolin,Oliver Eskolin,2024-09-28,1800.5
selahattin-sturm,Selahattin Sturm,2024-09-28,1720.9
simon-bernard,Simon Bernard,2024-09-28,1593.8
taran-birdee,Taran Birdee,2024-09-28,1829.5
victor-medina,Víctor Medina,2024-09-28,1853.5
aditya-subramanian,Aditya Subramanian,2024-10-11,1716.9
alberto-lara,Alberto Lara,2024-10-11,1852.6
ben-grissmer,Ben Grissmer,2024-10-11,1825.8
calvin-nisson,Calvin Nisson,2024-10-11,1690.2
carson-confer,Carson Confer,2024-10-11,1911.3
collin-heier,Collin Heier,2024-10-11,1833.1
dylan-salvanera,Dylan Salvanera,2024-10-11,1714.1
enrique-grimaldo,Enrique Grimaldo,2024-10-11,1706.3
everett-filloon,Everett Filloon,2024-10-11,1692.2
james-baek,James Baek,2024-10-11,1777.1
james-evans,James Evans,2024-10-11,1828.7
john-mills,John Mills,2024-10-11,1567.9
joseph-ugarte,Joseph Ugarte,2024-10-11,1855.8
joshua-denk,Joshua Denk,2024-10-11,1743.3
junxi-zhu,Junxi Zhu,2024-10-11,1888.8
logan-mazur,Logan Mazur,2024-10-11,1667
lorenzo-arce,Lorenzo Arce,2024-10-11,1719.1
nick-navarre,Nick Navarre,2024-10-11,1742.5
paul-chua,Paul Chua,2024-10-11,1860.2
riley-factura,Riley Factura,2024-10-11,1898.9
stefan-mott,Stefan Mott,2024-10-11,1770.6
vijay-sood,Vijay Sood,2024-10-11,1662.1
wolfe-glick,Wolfe Glick,2024-10-11,1963.7
alberto-lara,Alberto Lara,2024-10-19,1858
eduardo-cunha,Eduardo Cunha,2024-10-19,1910.2
ellie-homen,Ellie Homen,2024-10-19,1434.4
federico-camporesi,Federico Camporesi,2024-10-19,1734.1
giulio-tarlao,Giulio Tarlao,2024-10-19,1809.6
marco-silva,Marco Silva,2024-10-19,1927.2
selahattin-sturm,Selahattin Sturm,2024-10-19,1682.3
simon-bernard,Simon Bernard,2024-10-19,1558.5
victor-medina,Víctor Medina,2024-10-19,1900.8
eric-rios,Eric Rios,2024-11-02,1843.6
federico-camporesi,Federico Camporesi,2024-11-02,1873.4
giulio-tarlao,Giulio Tarlao,2024-11-02,1713
marco-silva,Marco Silva,2024-11-02,1941.8
oliver-eskolin,Oliver Eskolin,2024-11-02,1787.4
patrick-donegan,Patrick Donegan,2024-11-02,1642.2
selahattin-sturm,Selahattin Sturm,2024-11-02,1710.5
simon-bernard,Simon Bernard,2024-11-02,1613.7
taran-birdee,Taran Birdee,2024-11-02,1838.6
victor-medina,Víctor Medina,2024-11-02,1919.1
kyle-livinghouse,Kyle Livinghouse,2024-11-09,1831.3
alberto-lara,Alberto Lara,2024-11-15,1820.3
ashton-cox,Ashton Cox,2024-11-15,1846.2
camilo-liberona,Camilo Liberona,2024-11-15,1617.9
dylan-salvanera,Dylan Salvanera,2024-11-15,1680.5
eduardo-cunha,Eduardo Cunha,2024-11-15,1913.4
eric-rios,Eric Rios,2024-11-15,1930.1
federico-camporesi,Federico Camporesi,2024-11-15,1862.2
galo-orbea,Galo Orbea,2024-11-15,1541.1
giulio-tarlao,Giulio Tarlao,2024-11-15,1719.4
james-baek,James Baek,2024-11-15,1788.8
joseph-ugarte,Joseph Ugarte,2024-11-15,1841.6
junxi-zhu,Junxi Zhu,2024-11-15,1821.9
justin-burns,Justin Burns,2024-11-15,1915
kyle-livinghouse,Kyle Livinghouse,2024-11-15,1733.2
lorenzo-arce,Lorenzo Arce,2024-11-15,1748.2
marco-silva,Marco Silva,2024-11-15,1999.9
marcus-dion,Marcus Dion,2024-11-15,1656.6
oliver-eskolin,Oliver Eskolin,2024-11-15,1837.9
riley-factura,Riley Factura,2024-11-15,1872.6
shohei-kimura,Shohei Kimura,2024-11-15,1838.4
stefan-mott,Stefan Mott,2024-11-15,1772.1
victor-medina,Víctor Medina,2024-11-15,1968.9
aaron-traylor,Aaron Traylor,2024-11-22,1829.2
alberto-lara,Alberto Lara,2024-11-22,1744.2
alex-underhill,ALEX UNDERHILL,2024-11-22,1906.3
ben-grissmer,Ben Grissmer,2024-11-22,1751.3
carson-confer,Carson Confer,2024-11-22,1968.8
chuppa-cross-iv,Chuppa Cross IV,2024-11-22,1758.9
dylan-salvanera,Dylan Salvanera,2024-11-22,1682.7
ellie-homen,Ellie Homen,2024-11-22,1447
enrique-grimaldo,Enrique Grimaldo,2024-11-22,1684.4
everett-filloon,Everett Filloon,2024-11-22,1688.3
john-mills,John Mills,2024-11-22,1554.2
joseph-ugarte,Joseph Ugarte,2024-11-22,1913.7
joshua-denk,Joshua Denk,2024-11-22,1723.6
junxi-zhu,Junxi Zhu,2024-11-22,1778
logan-mazur,Logan Mazur,2024-11-22,1679.6
marcus-dion,Marcus Dion,2024-11-22,1789.1
raghav-malaviya,Raghav Malaviya,2024-11-22,1805.4
riley-factura,Riley Factura,2024-11-22,1860.6
stefan-mott,Stefan Mott,2024-11-22,1792.9
trista-medine,Trista Medine,2024-11-22,1637.6
vijay-sood,Vijay Sood,2024-11-22,1661.3
eric-rios,Eric Rios,2024-11-30,1861.7
joseph-ugarte,Joseph Ugarte,2024-11-30,1921.9
luca-ceribelli,Luca Ceribelli,2024-11-30,1944.6
patrick-donegan,Patrick Donegan,2024-11-30,1627.9
selahattin-sturm,Selahattin Sturm,2024-11-30,1698.5
simon-bernard,Simon Bernard,2024-11-30,1623.5
victor-medina,Víctor Medina,2024-11-30,1937.4
galo-orbea,Galo Orbea,2024-12-07,1592.2
vijay-sood,Vijay Sood,2024-12-07,1588.4
aaron-traylor,Aaron Traylor,2024-12-13,1787.9
aditya-subramanian,Aditya Subramanian,2024-12-13,1688.8
alberto-lara,Alberto Lara,2024-12-13,1704.2
alex-underhill,ALEX UNDERHILL,2024-12-13,1869.2
ben-grissmer,Ben Grissmer,2024-12-13,1790.5
carson-confer,Carson Confer,2024-12-13,1914.3
chuppa-cross-iv,Chuppa Cross IV,2024-12-13,1867.3
collin-heier,Collin Heier,2024-12-13,1845.1
dylan-salvanera,Dylan Salvanera,2024-12-13,1742.4
ellie-homen,Ellie Homen,2024-12-13,1556.6
everett-filloon,Everett Filloon,2024-12-13,1727
galo-orbea,Galo Orbea,2024-12-13,1556
james-baek,James Baek,2024-12-13,1808.4
james-evans,James Evans,2024-12-13,1799
joseph-ugarte,Joseph Ugarte,2024-12-13,1914.5
joshua-denk,Joshua Denk,2024-12-13,1729.2
junxi-zhu,Junxi Zhu,2024-12-13,1794.7
justin-burns,Justin Burns,2024-12-13,1906.2
logan-mazur,Logan Mazur,2024-12-13,1697
lorenzo-arce,Lorenzo Arce,2024-12-13,1741.4
luca-paz,Luca Paz,2024-12-13,1823.8
marco-silva,Marco Silva,2024-12-13,2025.2
marcus-dion,Marcus Dion,2024-12-13,1839.5
nick-navarre,Nick Navarre,2024-12-13,1784.1
paul-chua,Paul Chua,2024-12-13,1859.5
rajan-bal,Rajan Bal,2024-12-13,1724.9
riley-factura,Riley Factura,2024-12-13,1850.3
trista-medine,Trista Medine,2024-12-13,1620.7
wolfe-glick,Wolfe Glick,2024-12-13,2038.4
camilo-liberona,Camilo Liberona,2025-01-18,1617
eric-rios,Eric Rios,2025-01-18,1856.2
federico-camporesi,Federico Camporesi,2025-01-18,1903.5
giulio-tarlao,Giulio Tarlao,2025-01-18,1704.5
junxi-zhu,Junxi Zhu,2025-01-18,1850.1
marco-silva,Marco Silva,2025-01-18,1986.8
oliver-eskolin,Oliver Eskolin,2025-01-18,1913.2
selahattin-sturm,Selahattin Sturm,2025-01-18,1781.4
simon-bernard,Simon Bernard,2025-01-18,1686.1
taran-birdee,Taran Birdee,2025-01-18,1852.9
aaron-traylor,Aaron Traylor,2025-01-24,1808.9
alberto-lara,Alberto Lara,2025-01-24,1657.3
calvin-nisson,Calvin Nisson,2025-01-24,1708.2
carson-confer,Carson Confer,2025-01-24,1923.2
chuppa-cross-iv,Chuppa Cross IV,2025-01-24,1873.2
ellie-homen,Ellie Homen,2025-01-24,1570.5
enrique-grimaldo,Enrique Grimaldo,2025-01-24,1749.4
everett-filloon,Everett Filloon,2025-01-24,1768
galo-orbea,Galo Orbea,2025-01-24,1598.2
giovanni-cischke,Giovanni Cischke,2025-01-24,1787
joseph-ugarte,Joseph Ugarte,2025-01-24,1871.4
joshua-denk,Joshua Denk,2025-01-24,1731.5
justin-burns,Justin Burns,2025-01-24,1859.4
lorenzo-arce,Lorenzo Arce,2025-01-24,1773.8
luca-paz,Luca Paz,2025-01-24,1894.2
marcus-dion,Marcus Dion,2025-01-24,1814.2
raghav-malaviya,Raghav Malaviya,2025-01-24,1768.7
rajan-bal,Rajan Bal,2025-01-24,1702.1
riley-factura,Riley Factura,2025-01-24,1805.2
stefan-mott,Stefan Mott,2025-01-24,1869.2
trista-medine,Trista Medine,2025-01-24,1672.3
vijay-sood,Vijay Sood,2025-01-24,1587.8
galo-orbea,Galo Orbea,2025-02-08,1635.6
marcus-dion,Marcus Dion,2025-02-08,1859
riley-factura,Riley Factura,2025-02-08,1804.9
vijay-sood,Vijay Sood,2025-02-08,1582.3
ben-grissmer,Ben Grissmer,2025-02-15,1728.5
vijay-sood,Vijay Sood,2025-02-15,1650.9
aaron-traylor,Aaron Traylor,2025-02-21,1819.9
alberto-lara,Alberto Lara,2025-02-21,1631.2
ashton-cox,Ashton Cox,2025-02-21,1795.2
calvin-nisson,Calvin Nisson,2025-02-21,1663.8
camilo-liberona,Camilo Liberona,2025-02-21,1620.2
chuppa-cross-iv,Chuppa Cross IV,2025-02-21,1846.7
collin-heier,Collin Heier,2025-02-21,1807.9
dylan-salvanera,Dylan Salvanera,2025-02-21,1786.4
ellie-homen,Ellie Homen,2025-02-21,1600
enrique-grimaldo,Enrique Grimaldo,2025-02-21,1732.8
eric-rios,Eric Rios,2025-02-21,1787.7
everett-filloon,Everett Filloon,2025-02-21,1749.2
federico-camporesi,Federico Camporesi,2025-02-21,1856.1
giulio-tarlao,Giulio Tarlao,2025-02-21,1822.2
james-baek,James Baek,2025-02-21,1829.9
james-evans,James Evans,2025-02-21,1859.2
joseph-ugarte,Joseph Ugarte,2025-02-21,1925.8
joshua-denk,Joshua Denk,2025-02-21,1719.4
junxi-zhu,Junxi Zhu,2025-02-21,1873.3
justin-burns,Justin Burns,2025-02-21,1815
kyle-livinghouse,Kyle Livinghouse,2025-02-21,1836.2
logan-mazur,Logan Mazur,2025-02-21,1684.3
lorenzo-arce,Lorenzo Arce,2025-02-21,1798.1
luca-ceribelli,Luca Ceribelli,2025-02-21,1939.2
luca-paz,Luca Paz,2025-02-21,1836.9
marco-silva,Marco Silva,2025-02-21,1967.2
marcus-dion,Marcus Dion,2025-02-21,1817.2
oliver-eskolin,Oliver Eskolin,2025-02-21,1856.2
patrick-donegan,Patrick Donegan,2025-02-21,1628.9
paul-chua,Paul Chua,2025-02-21,1899.1
riley-factura,Riley Factura,2025-02-21,1750
selahattin-sturm,Selahattin Sturm,2025-02-21,1722.2
shohei-kimura,Shohei Kimura,2025-02-21,1912.2
simon-bernard,Simon Bernard,2025-02-21,1668.2
stefan-mott,Stefan Mott,2025-02-21,1871.9
taran-birdee,Taran Birdee,2025-02-21,1941.9
trista-medine,Trista Medine,2025-02-21,1646.6
victor-medina,Víctor Medina,2025-02-21,1894.3
vijay-sood,Vijay Sood,2025-02-21,1632.8
wolfe-glick,Wolfe Glick,2025-02-21,2081.7
aaron-traylor,Aaron Traylor,2025-03-07,1782
alex-underhill,ALEX UNDERHILL,2025-03-07,1830
enrique-grimaldo,Enrique Grimaldo,2025-03-07,1754.5
everett-filloon,Everett Filloon,2025-03-07,1697.4
galo-orbea,Galo Orbea,2025-03-07,1651.6
giovanni-cischke,Giovanni Cischke,2025-03-07,1824.3
james-baek,James Baek,2025-03-07,1884.5
james-evans,James Evans,2025-03-07,1866.5
joseph-ugarte,Joseph Ugarte,2025-03-07,1946.2
joshua-denk,Joshua Denk,2025-03-07,1752.5
lorenzo-arce,Lorenzo Arce,2025-03-07,1736.3
marcus-dion,Marcus Dion,2025-03-07,1779.8
paul-chua,Paul Chua,2025-03-07,1840.3
raghav-malaviya,Raghav Malaviya,2025-03-07,1812.7
stefan-mott,Stefan Mott,2025-03-07,1850.7
taran-birdee,Taran Birdee,2025-03-07,1918
trista-medine,Trista Medine,2025-03-07,1674.2
vijay-sood,Vijay Sood,2025-03-07,1647.5
camilo-liberona,Camilo Liberona,2025-03-22,1621.6
eric-rios,Eric Rios,2025-03-22,1906.7
federico-camporesi,Federico Camporesi,2025-03-22,1859.2
marco-silva,Marco Silva,2025-03-22,1943.1
oliver-eskolin,Oliver Eskolin,2025-03-22,1815.2
selahattin-sturm,Selahattin Sturm,2025-03-22,1737.5
simon-bernard,Simon Bernard,2025-03-22,1659.4
victor-medina,Víctor Medina,2025-03-22,1847.2
john-mills,John Mills,2025-03-29,1495.9
shohei-kimura,Shohei Kimura,2025-03-29,1930.8
aditya-subramanian,Aditya Subramanian,2025-04-11,1732.8
alberto-lara,Alberto Lara,2025-04-11,1608.8
alex-underhill,ALEX UNDERHILL,2025-04-11,1788.8
ashton-cox,Ashton Cox,2025-04-11,1806
ben-grissmer,Ben Grissmer,2025-04-11,1672.5
calvin-nisson,Calvin Nisson,2025-04-11,1690.2
dylan-salvanera,Dylan Salvanera,2025-04-11,1714.6
ellie-homen,Ellie Homen,2025-04-11,1635.6
enrique-grimaldo,Enrique Grimaldo,2025-04-11,1735.4
everett-filloon,Everett Filloon,2025-04-11,1750
giovanni-cischke,Giovanni Cischke,2025-04-11,1800.5
john-mills,John Mills,2025-04-11,1614.9
joseph-ugarte,Joseph Ugarte,2025-04-11,1943.5
justin-burns,Justin Burns,2025-04-11,1828.5
lorenzo-arce,Lorenzo Arce,2025-04-11,1760.7
paul-chua,Paul Chua,2025-04-11,1826.9
raghav-malaviya,Raghav Malaviya,2025-04-11,1815
rajan-bal,Rajan Bal,2025-04-11,1712.3
riley-factura,Riley Factura,2025-04-11,1777.2
stefan-mott,Stefan Mott,2025-04-11,1783
vijay-sood,Vijay Sood,2025-04-11,1651
carson-confer,Carson Confer,2025-04-19,1934.5
dylan-salvanera,Dylan Salvanera,2025-04-19,1766.9
riley-factura,Riley Factura,2025-04-19,1897
stefan-mott,Stefan Mott,2025-04-19,1755.3
vijay-sood,Vijay Sood,2025-04-19,1700.9
eric-rios,Eric Rios,2025-04-26,1872.4
victor-medina,Víctor Medina,2025-04-26,1851.3
aaron-traylor,Aaron Traylor,2025-05-02,1758.2
aditya-subramanian,Aditya Subramanian,2025-05-02,1854.2
alex-underhill,ALEX UNDERHILL,2025-05-02,1850.9
ben-grissmer,Ben Grissmer,2025-05-02,1740.3
calvin-nisson,Calvin Nisson,2025-05-02,1653.8
carson-confer,Carson Confer,2025-05-02,1955.1
chuppa-cross-iv,Chuppa Cross IV,2025-05-02,1784.2
collin-heier,Collin Heier,2025-05-02,1872.6
dylan-salvanera,Dylan Salvanera,2025-05-02,1734.8
enrique-grimaldo,Enrique Grimaldo,2025-05-02,1687.7
everett-filloon,Everett Filloon,2025-05-02,1723.7
galo-orbea,Galo Orbea,2025-05-02,1649.1
giovanni-cischke,Giovanni Cischke,2025-05-02,1845.4
james-evans,James Evans,2025-05-02,1895.9
joseph-ugarte,Joseph Ugarte,2025-05-02,1938
joshua-denk,Joshua Denk,2025-05-02,1775
junxi-zhu,Junxi Zhu,2025-05-02,1817.1
kyle-livinghouse,Kyle Livinghouse,2025-05-02,1832.6
logan-mazur,Logan Mazur,2025-05-02,1596.2
luca-paz,Luca Paz,2025-05-02,1953.5
marcus-dion,Marcus Dion,2025-05-02,1746.8
nick-navarre,Nick Navarre,2025-05-02,1744.7
paul-chua,Paul Chua,2025-05-02,1886
raghav-malaviya,Raghav Malaviya,2025-05-02,1845.1
rajan-bal,Rajan Bal,2025-05-02,1660.9
riley-factura,Riley Factura,2025-05-02,1937.3
stefan-mott,Stefan Mott,2025-05-02,1766.6
trista-medine,Trista Medine,2025-05-02,1663.9
vijay-sood,Vijay Sood,2025-05-02,1717.5
wolfe-glick,Wolfe Glick,2025-05-02,2036.7
camilo-liberona,Camilo Liberona,2025-05-17,1620.8
galo-orbea,Galo Orbea,2025-05-17,1648.2
giulio-tarlao,Giulio Tarlao,2025-05-17,1762.7
luca-ceribelli,Luca Ceribelli,2025-05-17,1891.6
oliver-eskolin,Oliver Eskolin,2025-05-17,1779.5
patrick-donegan,Patrick Donegan,2025-05-17,1574.8
selahattin-sturm,Selahattin Sturm,2025-05-17,1687.8
shohei-kimura,Shohei Kimura,2025-05-17,1907
simon-bernard,Simon Bernard,2025-05-17,1619.4
aaron-traylor,Aaron Traylor,2025-05-23,1781.7
aditya-subramanian,Aditya Subramanian,2025-05-23,1831.9
alex-underhill,ALEX UNDERHILL,2025-05-23,1806.2
ben-grissmer,Ben Grissmer,2025-05-23,1737.9
calvin-nisson,Calvin Nisson,2025-05-23,1674.3
dylan-salvanera,Dylan Salvanera,2025-05-23,1736.7
ellie-homen,Ellie Homen,2025-05-23,1599.5
everett-filloon,Everett Filloon,2025-05-23,1719.1
giovanni-cischke,Giovanni Cischke,2025-05-23,1882.5
joseph-ugarte,Joseph Ugarte,2025-05-23,1847.6
joshua-denk,Joshua Denk,2025-05-23,1803.9
junxi-zhu,Junxi Zhu,2025-05-23,1873.1
logan-mazur,Logan Mazur,2025-05-23,1629.3
lorenzo-arce,Lorenzo Arce,2025-05-23,1797.6
luca-paz,Luca Paz,2025-05-23,1904.5
marcus-dion,Marcus Dion,2025-05-23,1726.4
riley-factura,Riley Factura,2025-05-23,1847.9
vijay-sood,Vijay Sood,2025-05-23,1644.5
dylan-salvanera,Dylan Salvanera,2025-05-31,1669.2
federico-camporesi,Federico Camporesi,2025-05-31,1872.1
giulio-tarlao,Giulio Tarlao,2025-05-31,1747.8
luca-ceribelli,Luca Ceribelli,2025-05-31,1881.8
marco-silva,Marco Silva,2025-05-31,1877.9
selahattin-sturm,Selahattin Sturm,2025-05-31,1694.1
simon-bernard,Simon Bernard,2025-05-31,1665.2
victor-medina,Víctor Medina,2025-05-31,1860.2
aaron-traylor,Aaron Traylor,2025-06-13,1749.5
aditya-subramanian,Aditya Subramanian,2025-06-13,1766.1
alberto-lara,Alberto Lara,2025-06-13,1627
alex-underhill,ALEX UNDERHILL,2025-06-13,1814.8
ashton-cox,Ashton Cox,2025-06-13,1806.9
ben-grissmer,Ben Grissmer,2025-06-13,1746.2
calvin-nisson,Calvin Nisson,2025-06-13,1748.4
carson-confer,Carson Confer,2025-06-13,1956.9
chuppa-cross-iv,Chuppa Cross IV,2025-06-13,1806.8
collin-heier,Collin Heier,2025-06-13,1812.5
dylan-salvanera,Dylan Salvanera,2025-06-13,1747.7
ellie-homen,Ellie Homen,2025-06-13,1592.8
enrique-grimaldo,Enrique Grimaldo,2025-06-13,1647.1
eric-rios,Eric Rios,2025-06-13,1949.9
everett-filloon,Everett Filloon,2025-06-13,1732.1
federico-camporesi,Federico Camporesi,2025-06-13,1980.4
galo-orbea,Galo Orbea,2025-06-13,1637.4
giovanni-cischke,Giovanni Cischke,2025-06-13,1907.8
giulio-tarlao,Giulio Tarlao,2025-06-13,1707.7
james-evans,James Evans,2025-06-13,1912.9
john-mills,John Mills,2025-06-13,1642.6
joseph-ugarte,Joseph Ugarte,2025-06-13,1806.7
joshua-denk,Joshua Denk,2025-06-13,1805.7
junxi-zhu,Junxi Zhu,2025-06-13,1874.5
justin-burns,Justin Burns,2025-06-13,1816.3
kyle-livinghouse,Kyle Livinghouse,2025-06-13,1890.5
logan-mazur,Logan Mazur,2025-06-13,1605.8
lorenzo-arce,Lorenzo Arce,2025-06-13,1802.6
luca-ceribelli,Luca Ceribelli,2025-06-13,1913
luca-paz,Luca Paz,2025-06-13,1862
marco-silva,Marco Silva,2025-06-13,1964.1
marcus-dion,Marcus Dion,2025-06-13,1799.2
nick-navarre,Nick Navarre,2025-06-13,1822.7
oliver-eskolin,Oliver Eskolin,2025-06-13,1763.2
patrick-donegan,Patrick Donegan,2025-06-13,1559.4
raghav-malaviya,Raghav Malaviya,2025-06-13,1865.5
rajan-bal,Rajan Bal,2025-06-13,1639.5
riley-factura,Riley Factura,2025-06-13,1865.1
shohei-kimura,Shohei Kimura,2025-06-13,1921.6
simon-bernard,Simon Bernard,2025-06-13,1649.2
taran-birdee,Taran Birdee,2025-06-13,1844.4
trista-medine,Trista Medine,2025-06-13,1649.3
victor-medina,Víctor Medina,2025-06-13,1908.8
vijay-sood,Vijay Sood,2025-06-13,1588.7
wolfe-glick,Wolfe Glick,2025-06-13,1973.8
aaron-traylor,Aaron Traylor,2025-08-15,1706.5
aditya-subramanian,Aditya Subramanian,2025-08-15,1759.1
alex-underhill,ALEX UNDERHILL,2025-08-15,1804.5
ashton-cox,Ashton Cox,2025-08-15,1759.8
ben-grissmer,Ben Grissmer,2025-08-15,1692.3
camilo-liberona,Camilo Liberona,2025-08-15,1568
carson-confer,Carson Confer,2025-08-15,1880.2
chuppa-cross-iv,Chuppa Cross IV,2025-08-15,1850.3
collin-heier,Collin Heier,2025-08-15,1812.1
dylan-salvanera,Dylan Salvanera,2025-08-15,1784.6
eric-rios,Eric Rios,2025-08-15,1873.1
federico-camporesi,Federico Camporesi,2025-08-15,1909.9
galo-orbea,Galo Orbea,2025-08-15,1706.9
giovanni-cischke,Giovanni Cischke,2025-08-15,2015.8
giulio-tarlao,Giulio Tarlao,2025-08-15,1709.1
james-baek,James Baek,2025-08-15,1920.5
james-evans,James Evans,2025-08-15,1973.1
joseph-ugarte,Joseph Ugarte,2025-08-15,1812.4
joshua-denk,Joshua Denk,2025-08-15,1799.3
junxi-zhu,Junxi Zhu,2025-08-15,1812.3
justin-burns,Justin Burns,2025-08-15,1770.6
kyle-livinghouse,Kyle Livinghouse,2025-08-15,1754.5
lorenzo-arce,Lorenzo Arce,2025-08-15,1737.3
luca-ceribelli,Luca Ceribelli,2025-08-15,1892.8
luca-paz,Luca Paz,2025-08-15,1833.2
marco-silva,Marco Silva,2025-08-15,1914.2
marcus-dion,Marcus Dion,2025-08-15,1810.4
nick-navarre,Nick Navarre,2025-08-15,1875.7
oliver-eskolin,Oliver Eskolin,2025-08-15,1761.5
paul-chua,Paul Chua,2025-08-15,1860.8
raghav-malaviya,Raghav Malaviya,2025-08-15,1855.6
riley-factura,Riley Factura,2025-08-15,1805.3
selahattin-sturm,Selahattin Sturm,2025-08-15,1624.9
shohei-kimura,Shohei Kimura,2025-08-15,1848.7
simon-bernard,Simon Bernard,2025-08-15,1618.3
stefan-mott,Stefan Mott,2025-08-15,1773.9
taran-birdee,Taran Birdee,2025-08-15,1833
victor-medina,Víctor Medina,2025-08-15,1943.7
vijay-sood,Vijay Sood,2025-08-15,1551.7
wolfe-glick,Wolfe Glick,2025-08-15,1949
eduardo-cunha,Eduardo Cunha,2025-09-13,1896.6
enrique-grimaldo,Enrique Grimaldo,2025-09-13,1626.7
everett-filloon,Everett Filloon,2025-09-13,1773.9
galo-orbea,Galo Orbea,2025-09-13,1656.7
giulio-tarlao,Giulio Tarlao,2025-09-13,1764.5
joshua-denk,Joshua Denk,2025-09-13,1757.4
luca-ceribelli,Luca Ceribelli,2025-09-13,1840.5
marcus-dion,Marcus Dion,2025-09-13,1828.6
oliver-eskolin,Oliver Eskolin,2025-09-13,1864.1
selahattin-sturm,Selahattin Sturm,2025-09-13,1627.8
shohei-kimura,Shohei Kimura,2025-09-13,1897.6
simon-bernard,Simon Bernard,2025-09-13,1599.8
stefan-mott,Stefan Mott,2025-09-13,1912.9
victor-medina,Víctor Medina,2025-09-13,1974.6
vijay-sood,Vijay Sood,2025-09-13,1540.8
alberto-lara,Alberto Lara,2025-09-19,1737.1
ben-grissmer,Ben Grissmer,2025-09-19,1788.1
calvin-nisson,Calvin Nisson,2025-09-19,1753.1
chuppa-cross-iv,Chuppa Cross IV,2025-09-19,1973.4
dylan-salvanera,Dylan Salvanera,2025-09-19,1723.8
ellie-homen,Ellie Homen,2025-09-19,1687.4
enrique-grimaldo,Enrique Grimaldo,2025-09-19,1605
james-evans,James Evans,2025-09-19,1955.3
joseph-ugarte,Joseph Ugarte,2025-09-19,1776.5
joshua-denk,Joshua Denk,2025-09-19,1705.1
kyle-livinghouse,Kyle Livinghouse,2025-09-19,1757.7
lorenzo-arce,Lorenzo Arce,2025-09-19,1716.5
marcus-dion,Marcus Dion,2025-09-19,1826.6
nick-navarre,Nick Navarre,2025-09-19,1797
paul-chua,Paul Chua,2025-09-19,1856.7
rajan-bal,Rajan Bal,2025-09-19,1750.5
riley-factura,Riley Factura,2025-09-19,1726.8
stefan-mott,Stefan Mott,2025-09-19,1829.2
trista-medine,Trista Medine,2025-09-19,1619
vijay-sood,Vijay Sood,2025-09-19,1538.2
aaron-traylor,Aaron Traylor,2025-10-10,1743.5
alberto-lara,Alberto Lara,2025-10-10,1739.6
alex-underhill,ALEX UNDERHILL,2025-10-10,1773.9
calvin-nisson,Calvin Nisson,2025-10-10,1701.6
carson-confer,Carson Confer,2025-10-10,1825.5
collin-heier,Collin Heier,2025-10-10,1831.7
dylan-salvanera,Dylan Salvanera,2025-10-10,1674.6
ellie-homen,Ellie Homen,2025-10-10,1644
enrique-grimaldo,Enrique Grimaldo,2025-10-10,1713.2
john-mills,John Mills,2025-10-10,1583.7
joseph-ugarte,Joseph Ugarte,2025-10-10,1794.1
logan-mazur,Logan Mazur,2025-10-10,1636.1
lorenzo-arce,Lorenzo Arce,2025-10-10,1670.4
marcus-dion,Marcus Dion,2025-10-10,1809.8
nick-navarre,Nick Navarre,2025-10-10,1769.3
paul-chua,Paul Chua,2025-10-10,1870.9
rajan-bal,Rajan Bal,2025-10-10,1791
riley-factura,Riley Factura,2025-10-10,1805.7
stefan-mott,Stefan Mott,2025-10-10,1795.5
trista-medine,Trista Medine,2025-10-10,1642.7
vijay-sood,Vijay Sood,2025-10-10,1586.9
wolfe-glick,Wolfe Glick,2025-10-10,1955.6
camilo-liberona,Camilo Liberona,2025-10-11,1563.1
eduardo-cunha,Eduardo Cunha,2025-10-25,1950
federico-camporesi,Federico Camporesi,2025-10-25,1921.3
giulio-tarlao,Giulio Tarlao,2025-10-25,1761.7
marco-silva,Marco Silva,2025-10-25,2007.4
marcus-dion,Marcus Dion,2025-10-25,1804.8
oliver-eskolin,Oliver Eskolin,2025-10-25,1814.3
selahattin-sturm,Selahattin Sturm,2025-10-25,1607.8
simon-bernard,Simon Bernard,2025-10-25,1607.3
taran-birdee,Taran Birdee,2025-10-25,1765.9
victor-medina,Víctor Medina,2025-10-25,1919.1
federico-camporesi,Federico Camporesi,2025-11-01,1958.5
marco-silva,Marco Silva,2025-11-01,1971.5
oliver-eskolin,Oliver Eskolin,2025-11-01,1796.7
patrick-donegan,Patrick Donegan,2025-11-01,1570.1
selahattin-sturm,Selahattin Sturm,2025-11-01,1560.3
simon-bernard,Simon Bernard,2025-11-01,1633.7
aaron-traylor,Aaron Traylor,2025-11-14,1756
aditya-subramanian,Aditya Subramanian,2025-11-14,1762.8
alberto-lara,Alberto Lara,2025-11-14,1760.3
alex-underhill,ALEX UNDERHILL,2025-11-14,1817.5
ben-grissmer,Ben Grissmer,2025-11-14,1725.1
calvin-nisson,Calvin Nisson,2025-11-14,1697
carson-confer,Carson Confer,2025-11-14,1867.9
chuppa-cross-iv,Chuppa Cross IV,2025-11-14,1891.1
collin-heier,Collin Heier,2025-11-14,1856.2
dylan-salvanera,Dylan Salvanera,2025-11-14,1849.4
ellie-homen,Ellie Homen,2025-11-14,1558.6
enrique-grimaldo,Enrique Grimaldo,2025-11-14,1705.7
everett-filloon,Everett Filloon,2025-11-14,1734.9
james-baek,James Baek,2025-11-14,1895.7
john-mills,John Mills,2025-11-14,1572.8
joseph-ugarte,Joseph Ugarte,2025-11-14,1869.7
joshua-denk,Joshua Denk,2025-11-14,1707.7
junxi-zhu,Junxi Zhu,2025-11-14,1837.5
kyle-livinghouse,Kyle Livinghouse,2025-11-14,1761.4
logan-mazur,Logan Mazur,2025-11-14,1628.9
lorenzo-arce,Lorenzo Arce,2025-11-14,1707.7
marcus-dion,Marcus Dion,2025-11-14,1795.9
oliver-eskolin,Oliver Eskolin,2025-11-14,1848.2
patrick-donegan,Patrick Donegan,2025-11-14,1539.7
paul-chua,Paul Chua,2025-11-14,1876.8
raghav-malaviya,Raghav Malaviya,2025-11-14,1891.4
rajan-bal,Rajan Bal,2025-11-14,1841.7
riley-factura,Riley Factura,2025-11-14,1776.7
taran-birdee,Taran Birdee,2025-11-14,1776.4
vijay-sood,Vijay Sood,2025-11-14,1586.3
camilo-liberona,Camilo Liberona,2025-11-15,1539.1
galo-orbea,Galo Orbea,2025-11-15,1674.6
ashton-cox,Ashton Cox,2025-11-21,1750.2
camilo-liberona,Camilo Liberona,2025-11-21,1548.6
carson-confer,Carson Confer,2025-11-21,1855.2
eduardo-cunha,Eduardo Cunha,2025-11-21,1922.7
eric-rios,Eric Rios,2025-11-21,1867.4
federico-camporesi,Federico Camporesi,2025-11-21,1909.1
galo-orbea,Galo Orbea,2025-11-21,1589.3
giovanni-cischke,Giovanni Cischke,2025-11-21,1987.4
giulio-tarlao,Giulio Tarlao,2025-11-21,1811
joseph-ugarte,Joseph Ugarte,2025-11-21,1795.5
junxi-zhu,Junxi Zhu,2025-11-21,1800
luca-ceribelli,Luca Ceribelli,2025-11-21,1866.7
luca-paz,Luca Paz,2025-11-21,1744.1
marco-silva,Marco Silva,2025-11-21,1964.2
marcus-dion,Marcus Dion,2025-11-21,1759.9
oliver-eskolin,Oliver Eskolin,2025-11-21,1936.8
riley-factura,Riley Factura,2025-11-21,1761.6
shohei-kimura,Shohei Kimura,2025-11-21,1863.5
stefan-mott,Stefan Mott,2025-11-21,1744.8
taran-birdee,Taran Birdee,2025-11-21,1727.8
victor-medina,Víctor Medina,2025-11-21,1872.6
vijay-sood,Vijay Sood,2025-11-21,1546.3
eduardo-cunha,Eduardo Cunha,2025-11-29,1951.4
eric-rios,Eric Rios,2025-11-29,1939.8
luca-ceribelli,Luca Ceribelli,2025-11-29,1997.4
selahattin-sturm,Selahattin Sturm,2025-11-29,1595.6
simon-bernard,Simon Bernard,2025-11-29,1663.3
aditya-subramanian,Aditya Subramanian,2026-01-16,1784.4
ashton-cox,Ashton Cox,2026-01-16,1774
ben-grissmer,Ben Grissmer,2026-01-16,1738.3
calvin-nisson,Calvin Nisson,2026-01-16,1675.3
enrique-grimaldo,Enrique Grimaldo,2026-01-16,1703.3
eric-rios,Eric Rios,2026-01-16,1909.2
federico-camporesi,Federico Camporesi,2026-01-16,1890.4
john-mills,John Mills,2026-01-16,1617.9
joseph-ugarte,Joseph Ugarte,2026-01-16,1807.7
joshua-denk,Joshua Denk,2026-01-16,1694.7
junxi-zhu,Junxi Zhu,2026-01-16,1767.5
kyle-livinghouse,Kyle Livinghouse,2026-01-16,1768
lorenzo-arce,Lorenzo Arce,2026-01-16,1697.2
marco-silva,Marco Silva,2026-01-16,1933.6
marcus-dion,Marcus Dion,2026-01-16,1814.9
nick-navarre,Nick Navarre,2026-01-16,1785.7
patrick-donegan,Patrick Donegan,2026-01-16,1545.2
paul-chua,Paul Chua,2026-01-16,1962.6
raghav-malaviya,Raghav Malaviya,2026-01-16,1846.3
rajan-bal,Rajan Bal,2026-01-16,1795.9
stefan-mott,Stefan Mott,2026-01-16,1745.1
trista-medine,Trista Medine,2026-01-16,1653.4
vijay-sood,Vijay Sood,2026-01-16,1504.7
aditya-subramanian,Aditya Subramanian,2026-01-24,1748.7
eduardo-cunha,Eduardo Cunha,2026-01-24,1955.7
enrique-grimaldo,Enrique Grimaldo,2026-01-24,1749.4
eric-rios,Eric Rios,2026-01-24,1920.3
everett-filloon,Everett Filloon,2026-01-24,1748.4
federico-camporesi,Federico Camporesi,2026-01-24,1846
galo-orbea,Galo Orbea,2026-01-24,1581.6
joshua-denk,Joshua Denk,2026-01-24,1743.3
junxi-zhu,Junxi Zhu,2026-01-24,1710.9
marco-silva,Marco Silva,2026-01-24,1967.6
shohei-kimura,Shohei Kimura,2026-01-24,1888.5
simon-bernard,Simon Bernard,2026-01-24,1651.4
stefan-mott,Stefan Mott,2026-01-24,1730
taran-birdee,Taran Birdee,2026-01-24,1789.3
victor-medina,Víctor Medina,2026-01-24,1872.7
vijay-sood,Vijay Sood,2026-01-24,1550.8
camilo-liberona,Camilo Liberona,2026-02-07,1577.5
aaron-traylor,Aaron Traylor,2026-02-13,1745.5
aditya-subramanian,Aditya Subramanian,2026-02-13,1686.7
alberto-lara,Alberto Lara,2026-02-13,1731.7
ashton-cox,Ashton Cox,2026-02-13,1824.2
calvin-nisson,Calvin Nisson,2026-02-13,1622
camilo-liberona,Camilo Liberona,2026-02-13,1552.3
collin-heier,Collin Heier,2026-02-13,1829.4
eduardo-cunha,Eduardo Cunha,2026-02-13,1897.5
ellie-homen,Ellie Homen,2026-02-13,1545
enrique-grimaldo,Enrique Grimaldo,2026-02-13,1723.1
eric-rios,Eric Rios,2026-02-13,1954.7
federico-camporesi,Federico Camporesi,2026-02-13,1797.6
giovanni-cischke,Giovanni Cischke,2026-02-13,1982.3
giulio-tarlao,Giulio Tarlao,2026-02-13,1816.8
james-baek,James Baek,2026-02-13,1856.7
joseph-ugarte,Joseph Ugarte,2026-02-13,1823.7
junxi-zhu,Junxi Zhu,2026-02-13,1682.8
lorenzo-arce,Lorenzo Arce,2026-02-13,1708.2
luca-paz,Luca Paz,2026-02-13,1831.1
marco-silva,Marco Silva,2026-02-13,1932.7
marcus-dion,Marcus Dion,2026-02-13,1800.9
oliver-eskolin,Oliver Eskolin,2026-02-13,1872.9
paul-chua,Paul Chua,2026-02-13,2048.4
selahattin-sturm,Selahattin Sturm,2026-02-13,1594.4
shohei-kimura,Shohei Kimura,2026-02-13,1923.3
simon-bernard,Simon Bernard,2026-02-13,1729.7
stefan-mott,Stefan Mott,2026-02-13,1685.3
taran-birdee,Taran Birdee,2026-02-13,1767.4
trista-medine,Trista Medine,2026-02-13,1625
victor-medina,Víctor Medina,2026-02-13,1847.2
vijay-sood,Vijay Sood,2026-02-13,1533.7
wolfe-glick,Wolfe Glick,2026-02-13,1944.8
aaron-traylor,Aaron Traylor,2026-02-27,1731.5
alex-underhill,ALEX UNDERHILL,2026-02-27,1786.2
ben-grissmer,Ben Grissmer,2026-02-27,1668.5
carson-confer,Carson Confer,2026-02-27,1812.5
collin-heier,Collin Heier,2026-02-27,1913
ellie-homen,Ellie Homen,2026-02-27,1568.2
enrique-grimaldo,Enrique Grimaldo,2026-02-27,1719.2
everett-filloon,Everett Filloon,2026-02-27,1697.6
giovanni-cischke,Giovanni Cischke,2026-02-27,1916
james-baek,James Baek,2026-02-27,1834.8
john-mills,John Mills,2026-02-27,1640.8
joseph-ugarte,Joseph Ugarte,2026-02-27,1852.8
joshua-denk,Joshua Denk,2026-02-27,1696.7
junxi-zhu,Junxi Zhu,2026-02-27,1687.3
logan-mazur,Logan Mazur,2026-02-27,1659.3
lorenzo-arce,Lorenzo Arce,2026-02-27,1686.1
raghav-malaviya,Raghav Malaviya,2026-02-27,1817.9
rajan-bal,Rajan Bal,2026-02-27,1754.7
stefan-mott,Stefan Mott,2026-02-27,1678.7
taran-birdee,Taran Birdee,2026-02-27,1832.4
trista-medine,Trista Medine,2026-02-27,1674.4
vijay-sood,Vijay Sood,2026-02-27,1506.9
ashton-cox,Ashton Cox,2026-03-07,1795.4
ben-grissmer,Ben Grissmer,2026-03-07,1768.4
vijay-sood,Vijay Sood,2026-03-07,1569.2
calvin-nisson,Calvin Nisson,2026-03-20,1667.6
carson-confer,Carson Confer,2026-03-20,1899.1
enrique-grimaldo,Enrique Grimaldo,2026-03-20,1708
galo-orbea,Galo Orbea,2026-03-20,1578.7
giovanni-cischke,Giovanni Cischke,2026-03-20,1932.6
john-mills,John Mills,2026-03-20,1639.1
junxi-zhu,Junxi Zhu,2026-03-20,1666.5
justin-burns,Justin Burns,2026-03-20,1860.8
luca-paz,Luca Paz,2026-03-20,1785.7
trista-medine,Trista Medine,2026-03-20,1635
vijay-sood,Vijay Sood,2026-03-20,1604.4
wolfe-glick,Wolfe Glick,2026-03-20,1921.6
camilo-liberona,Camilo Liberona,2026-03-28,1587.8
eduardo-cunha,Eduardo Cunha,2026-03-28,1801.2
simon-bernard,Simon Bernard,2026-03-28,1665
victor-medina,Víctor Medina,2026-03-28,1800.6
ashton-cox,Ashton Cox,2026-04-03,1769.7
calvin-nisson,Calvin Nisson,2026-04-03,1674.7
carson-confer,Carson Confer,2026-04-03,1903.4
junxi-zhu,Junxi Zhu,2026-04-03,1644.2
justin-burns,Justin Burns,2026-04-03,1861.2
logan-mazur,Logan Mazur,2026-04-03,1660
luca-paz,Luca Paz,2026-04-03,1838.4
marcus-dion,Marcus Dion,2026-04-03,1777.1
nick-navarre,Nick Navarre,2026-04-03,1842.9
paul-chua,Paul Chua,2026-04-03,2036.3
riley-factura,Riley Factura,2026-04-03,1723.5
stefan-mott,Stefan Mott,2026-04-03,1755.9
aditya-subramanian,Aditya Subramanian,2026-04-04,1731
enrique-grimaldo,Enrique Grimaldo,2026-04-04,1762.1
galo-orbea,Galo Orbea,2026-04-04,1604.7
vijay-sood,Vijay Sood,2026-04-04,1580.4
camilo-liberona,Camilo Liberona,2026-04-25,1530.1
federico-camporesi,Federico Camporesi,2026-04-25,1764.5
kyle-livinghouse,Kyle Livinghouse,2026-04-25,1705.6
marco-silva,Marco Silva,2026-04-25,1918
oliver-eskolin,Oliver Eskolin,2026-04-25,1871.9
selahattin-sturm,Selahattin Sturm,2026-04-25,1719.3
simon-bernard,Simon Bernard,2026-04-25,1663.7
taran-birdee,Taran Birdee,2026-04-25,1855.8
victor-medina,Víctor Medina,2026-04-25,1911
aaron-traylor,Aaron Traylor,2026-05-08,1865.3
aditya-subramanian,Aditya Subramanian,2026-05-08,1811.4
alex-underhill,ALEX UNDERHILL,2026-05-08,1839.3
ellie-homen,Ellie Homen,2026-05-08,1606.3
enrique-grimaldo,Enrique Grimaldo,2026-05-08,1739.2
everett-filloon,Everett Filloon,2026-05-08,1690.6
galo-orbea,Galo Orbea,2026-05-08,1602.7
james-baek,James Baek,2026-05-08,1781.6
john-mills,John Mills,2026-05-08,1674.4
joshua-denk,Joshua Denk,2026-05-08,1770.3
junxi-zhu,Junxi Zhu,2026-05-08,1750
justin-burns,Justin Burns,2026-05-08,1832.3
nick-navarre,Nick Navarre,2026-05-08,1821.4
raghav-malaviya,Raghav Malaviya,2026-05-08,1772.1
riley-factura,Riley Factura,2026-05-08,1752.3
camilo-liberona,Camilo Liberona,2026-05-16,1495.5
galo-orbea,Galo Orbea,2026-05-16,1624.8
marco-silva,Marco Silva,2026-05-16,1930.4
selahattin-sturm,Selahattin Sturm,2026-05-16,1770.1
simon-bernard,Simon Bernard,2026-05-16,1740.1
victor-medina,Víctor Medina,2026-05-16,1894.7
camilo-liberona,Camilo Liberona,2026-05-23,1477.6
oliver-eskolin,Oliver Eskolin,2026-05-23,1880
aaron-traylor,Aaron Traylor,2026-05-29,1798.4
aditya-subramanian,Aditya Subramanian,2026-05-29,1760.3
alberto-lara,Alberto Lara,2026-05-29,1753.5
alex-underhill,ALEX UNDERHILL,2026-05-29,1892.1
ben-grissmer,Ben Grissmer,2026-05-29,1770.7
calvin-nisson,Calvin Nisson,2026-05-29,1689.4
carson-confer,Carson Confer,2026-05-29,1859.8
chuppa-cross-iv,Chuppa Cross IV,2026-05-29,1844.2
collin-heier,Collin Heier,2026-05-29,1914.4
ellie-homen,Ellie Homen,2026-05-29,1588.5
everett-filloon,Everett Filloon,2026-05-29,1762.4
giovanni-cischke,Giovanni Cischke,2026-05-29,1919
james-baek,James Baek,2026-05-29,1756.8
john-mills,John Mills,2026-05-29,1670.3
joseph-ugarte,Joseph Ugarte,2026-05-29,1812.4
joshua-denk,Joshua Denk,2026-05-29,1716
junxi-zhu,Junxi Zhu,2026-05-29,1683.2
justin-burns,Justin Burns,2026-05-29,1797.4
kyle-livinghouse,Kyle Livinghouse,2026-05-29,1707.6
logan-mazur,Logan Mazur,2026-05-29,1668.7
lorenzo-arce,Lorenzo Arce,2026-05-29,1675.7
luca-paz,Luca Paz,2026-05-29,1832.1
marcus-dion,Marcus Dion,2026-05-29,1774.6
nick-navarre,Nick Navarre,2026-05-29,1867.2
paul-chua,Paul Chua,2026-05-29,2008
raghav-malaviya,Raghav Malaviya,2026-05-29,1831.3
rajan-bal,Rajan Bal,2026-05-29,1724.3
stefan-mott,Stefan Mott,2026-05-29,1758.4
trista-medine,Trista Medine,2026-05-29,1577.2
wolfe-glick,Wolfe Glick,2026-05-29,1978.6
federico-camporesi,Federico Camporesi,2026-06-06,1843.3
giulio-tarlao,Giulio Tarlao,2026-06-06,1839.6
marco-silva,Marco Silva,2026-06-06,1998
selahattin-sturm,Selahattin Sturm,2026-06-06,1766.3
simon-bernard,Simon Bernard,2026-06-06,1708.5
victor-medina,Víctor Medina,2026-06-06,1904.4
alberto-lara,Alberto Lara,2026-06-12,1782.7
alex-underhill,ALEX UNDERHILL,2026-06-12,1868.7
ashton-cox,Ashton Cox,2026-06-12,1749.6
ben-grissmer,Ben Grissmer,2026-06-12,1736.3
calvin-nisson,Calvin Nisson,2026-06-12,1628.2
camilo-liberona,Camilo Liberona,2026-06-12,1509.1
carson-confer,Carson Confer,2026-06-12,1885.3
chuppa-cross-iv,Chuppa Cross IV,2026-06-12,1819
collin-heier,Collin Heier,2026-06-12,1927.1
ellie-homen,Ellie Homen,2026-06-12,1583.7
enrique-grimaldo,Enrique Grimaldo,2026-06-12,1731.6
eric-rios,Eric Rios,2026-06-12,2022.2
everett-filloon,Everett Filloon,2026-06-12,1753.6
federico-camporesi,Federico Camporesi,2026-06-12,1906
galo-orbea,Galo Orbea,2026-06-12,1654.9
giovanni-cischke,Giovanni Cischke,2026-06-12,1867.7
giulio-tarlao,Giulio Tarlao,2026-06-12,1807.3
james-baek,James Baek,2026-06-12,1771.4
john-mills,John Mills,2026-06-12,1684.4
joseph-ugarte,Joseph Ugarte,2026-06-12,1779.1
joshua-denk,Joshua Denk,2026-06-12,1685.7
junxi-zhu,Junxi Zhu,2026-06-12,1730.3
justin-burns,Justin Burns,2026-06-12,1853.3
kyle-livinghouse,Kyle Livinghouse,2026-06-12,1754
logan-mazur,Logan Mazur,2026-06-12,1681.4
lorenzo-arce,Lorenzo Arce,2026-06-12,1659.4
luca-paz,Luca Paz,2026-06-12,1794.6
marco-silva,Marco Silva,2026-06-12,1999.1
marcus-dion,Marcus Dion,2026-06-12,1898.8
nick-navarre,Nick Navarre,2026-06-12,1905.6
oliver-eskolin,Oliver Eskolin,2026-06-12,1892.8
patrick-donegan,Patrick Donegan,2026-06-12,1614.7
raghav-malaviya,Raghav Malaviya,2026-06-12,1804.4
rajan-bal,Rajan Bal,2026-06-12,1738.4
shohei-kimura,Shohei Kimura,2026-06-12,1933.5
simon-bernard,Simon Bernard,2026-06-12,1695.8
stefan-mott,Stefan Mott,2026-06-12,1704.7
taran-birdee,Taran Birdee,2026-06-12,1819.3
trista-medine,Trista Medine,2026-06-12,1655.2
victor-medina,Víctor Medina,2026-06-12,1881
wolfe-glick,Wolfe Glick,2026-06-12,2045.3
